,Age,Candidate,Criminal_Case,PC_NAME,Education,Party,ST_NAME,Winner,Year,Liabilities_num,Assets_num,ST_PC
0,52,Kuldeep Rai Sharma,0,ANDAMAN AND NICOBAR ISLANDS,Graduate Professional,INC,ANDAMAN,Yes,2019,80450870,132233012,ANDAMAN:ANDAMAN AND NICOBAR ISLANDS
15,46,Sridhar Kotagiri	,0,ELURU,Graduate,YSRCP,ANDHRA PRADESH,Yes,2019,33560974,462808829,ANDHRA PRADESH:ELURU
24,26,Goddeti Madhavi,0,ARAKU,Graduate Professional,YSRCP,ANDHRA PRADESH,Yes,2019,0,141179,ANDHRA PRADESH:ARAKU
29,46,Chinta Anuradha,0,AMALAPURAM,Graduate,YSRCP,ANDHRA PRADESH,Yes,2019,2431407,85993362,ANDHRA PRADESH:AMALAPURAM
33,68,N. Reddeppa,0,CHITTOOR,Post Graduate,YSRCP,ANDHRA PRADESH,Yes,2019,1341542,17355862,ANDHRA PRADESH:CHITTOOR
40,48,Talari Rangaiah,2,ANANTAPUR,Doctorate,YSRCP,ANDHRA PRADESH,Yes,2019,1135547,11773091,ANDHRA PRADESH:ANANTAPUR
66,52,Dr.Beesetti Venkata Satyavathi,0,ANAKAPALLE,Graduate Professional,YSRCP,ANDHRA PRADESH,Yes,2019,11139279,91526244,ANDHRA PRADESH:ANAKAPALLE
76,50,Balashowry Vallabhaneni,2,MACHILIPATNAM,Post Graduate,YSRCP,ANDHRA PRADESH,Yes,2019,746310844,990575840,ANDHRA PRADESH:MACHILIPATNAM
84,55,Vanga Geetha Viswanatham,0,KAKINADA,Post Graduate,YSRCP,ANDHRA PRADESH,Yes,2019,34416887,202528594,ANDHRA PRADESH:KAKINADA
87,34,Yeduguri Sandinti Avinash Reddy,4,KADAPA,Post Graduate,YSRCP,ANDHRA PRADESH,Yes,2019,22833319,186969794,ANDHRA PRADESH:KADAPA
88,52,Dr Sanjeev Kumar,0,KURNOOL,Post Graduate,YSRCP,ANDHRA PRADESH,Yes,2019,62070621,325914387,ANDHRA PRADESH:KURNOOL
133,43,Suresh Babu Nandigam,0,BAPATLA,8th Pass,YSRCP,ANDHRA PRADESH,Yes,2019,269000,4158610,ANDHRA PRADESH:BAPATLA
146,50,Kuruva Gorantla Madhav,2,HINDUPUR,Graduate,YSRCP,ANDHRA PRADESH,Yes,2019,730332,1787356,ANDHRA PRADESH:HINDUPUR
152,42,Dibyendu Adhikari,1,TAMLUK,Graduate,AITC,WEST BENGAL,Yes,2019,8397501,37687867,WEST BENGAL:TAMLUK
155,53,Jayadev Galla,0,GUNTUR,Graduate,TDP,ANDHRA PRADESH,Yes,2019,203452417,3051485242,ANDHRA PRADESH:GUNTUR
158,57,Sajda Ahmed,0,ULUBERIA,Graduate,AITC,WEST BENGAL,Yes,2019,5322615,28351569,WEST BENGAL:ULUBERIA
195,62,Kalyan Banerjee,0,SREERAMPUR,Graduate Professional,AITC,WEST BENGAL,Yes,2019,5522403,175968902,WEST BENGAL:SREERAMPUR
206,56,Jagannath Sarkar,1,RANAGHAT,Graduate Professional,BJP,WEST BENGAL,Yes,2019,0,17622476,WEST BENGAL:RANAGHAT
213,48,Debasree Chaudhuri,2,RAIGANJ,Post Graduate,BJP,WEST BENGAL,Yes,2019,823416,6139123,WEST BENGAL:RAIGANJ
216,34,Jyotirmay Singh Mahato,2,PURULIA,Graduate Professional,BJP,WEST BENGAL,Yes,2019,456100,2250540,WEST BENGAL:PURULIA
218,42,P.V.Midhun Reddy,3,RAJAMPET,Post Graduate,YSRCP,ANDHRA PRADESH,Yes,2019,205473477,665085701,ANDHRA PRADESH:RAJAMPET
222,57,Abu Taher Khan,3,MURSHIDABAD,8th Pass,AITC,WEST BENGAL,Yes,2019,1350000,8926616,WEST BENGAL:MURSHIDABAD
262,37,Gautam Gambhir,1,EAST DELHI,12th Pass,BJP,NATIONAL CAPITAL TERRITORY OF DELHI,Yes,2019,342035860,1471587789,NATIONAL CAPITAL TERRITORY OF DELHI:EAST DELHI
270,60,Pocha Brahmananda Reddy,1,NANDYAL,Post Graduate,YSRCP,ANDHRA PRADESH,Yes,2019,177035582,585932911,ANDHRA PRADESH:NANDYAL
273,54,Dilip Kumar Ghosh,14,MEDINIPUR,10th Pass,BJP,WEST BENGAL,Yes,2019,0,4536462,WEST BENGAL:MEDINIPUR
317,72,Abu Hasem Khan Chowdhury,0,MALDAHA DAKSHIN,Doctorate,INC,WEST BENGAL,Yes,2019,728107,270959520,WEST BENGAL:MALDAHA DAKSHIN
326,70,Bandyopadhyay Sudip,2,KOLKATA UTTAR,Graduate Professional,AITC,WEST BENGAL,Yes,2019,0,61176355,WEST BENGAL:KOLKATA UTTAR
348,59,Khagen Murmu,4,MALDAHA UTTAR,Graduate,BJP,WEST BENGAL,Yes,2019,1070914,10232439,WEST BENGAL:MALDAHA UTTAR
355,80,Choudhury Mohan Jatua,0,MATHURAPUR,Post Graduate,AITC,WEST BENGAL,Yes,2019,0,10667304,WEST BENGAL:MATHURAPUR
358,56,Kunar Hembram,0,JHARGRAM,Graduate Professional,BJP,WEST BENGAL,Yes,2019,565000,10387498,WEST BENGAL:JHARGRAM
365,61,Mala Roy,3,KOLKATA DAKSHIN,Graduate,AITC,WEST BENGAL,Yes,2019,0,10308401,WEST BENGAL:KOLKATA DAKSHIN
368,58,Khalilur Rahaman,0,JANGIPUR,Graduate,AITC,WEST BENGAL,Yes,2019,2248968,368306705,WEST BENGAL:JANGIPUR
406,77,Sisir Kumar Adhikari,3,KANTHI,12th Pass,AITC,WEST BENGAL,Yes,2019,0,33979650,WEST BENGAL:KANTHI
413,53,Pratima Mondal,0,JAYNAGAR,Post Graduate,AITC,WEST BENGAL,Yes,2019,0,27471675,WEST BENGAL:JAYNAGAR
421,45,Locket Chatterjee,14,HOOGHLY,Graduate,BJP,WEST BENGAL,Yes,2019,0,35655698,WEST BENGAL:HOOGHLY
430,51,Jayanta Kumar Roy,0,JALPAIGURI,Graduate Professional,BJP,WEST BENGAL,Yes,2019,1352581,11625047,WEST BENGAL:JALPAIGURI
434,64,Prasun Banerjee,1,HOWRAH,Graduate,AITC,WEST BENGAL,Yes,2019,0,13216066,WEST BENGAL:HOWRAH
437,44,Mahua Moitra,0,KRISHNANAGAR,Graduate,AITC,WEST BENGAL,Yes,2019,671138,26495250,WEST BENGAL:KRISHNANAGAR
472,30,Mimi Chakraborty,0,JADAVPUR,Graduate,AITC,WEST BENGAL,Yes,2019,1900788,24398786,WEST BENGAL:JADAVPUR
480,71,Sougata Ray,1,DUM DUM,Post Graduate,AITC,WEST BENGAL,Yes,2019,0,42518790,WEST BENGAL:DUM DUM
488,31,Abhishek Banerjee,0,DIAMOND HARBOUR,Graduate,AITC,WEST BENGAL,Yes,2019,0,13794320,WEST BENGAL:DIAMOND HARBOUR
507,33,Sri Nisith Pramanik,11,COOCH BEHAR,8th Pass,BJP,WEST BENGAL,Yes,2019,0,9629810,WEST BENGAL:COOCH BEHAR
516,33,Raju Bista,0,DARJEELING,Graduate,BJP,WEST BENGAL,Yes,2019,27428941,151106062,WEST BENGAL:DARJEELING
519,63,Asit Kumar Mal,0,BOLPUR,10th Pass,AITC,WEST BENGAL,Yes,2019,0,1310691,WEST BENGAL:BOLPUR
541,36,Deepak Adhikari,0,GHATAL,Others,AITC,WEST BENGAL,Yes,2019,7879681,317320579,WEST BENGAL:GHATAL
548,49,Satabdi Roy (Banerjee),0,BIRBHUM,Graduate,AITC,WEST BENGAL,Yes,2019,18604443,48652722,WEST BENGAL:BIRBHUM
556,28,Nusrat Jahan Ruhi,0,BASIRHAT,12th Pass,AITC,WEST BENGAL,Yes,2019,16881608,29088391,WEST BENGAL:BASIRHAT
561,57,Arjun Singh,24,BARRACKPUR,10th Pass,BJP,WEST BENGAL,Yes,2019,1100000,8055691,WEST BENGAL:BARRACKPUR
585,38,Saumitra Khan,6,BISHNUPUR,12th Pass,BJP,WEST BENGAL,Yes,2019,1077120,8656777,WEST BENGAL:BISHNUPUR
594,61,Sunil Kumar Mondal,0,BARDHAMAN PURBA,Graduate Professional,AITC,WEST BENGAL,Yes,2019,148598,20371283,WEST BENGAL:BARDHAMAN PURBA
597,67,Surendrajeet Singh Ahluwalia,0,BARDHAMAN DURGAPUR,Graduate Professional,BJP,WEST BENGAL,Yes,2019,744076,26521750,WEST BENGAL:BARDHAMAN DURGAPUR
599,60,Dr. Kakoli Ghoshdastidar,2,BARASAT,Post Graduate,AITC,WEST BENGAL,Yes,2019,1496059,40531018,WEST BENGAL:BARASAT
619,37,Shantanu Thakur,8,BANGAON,Graduate,BJP,WEST BENGAL,Yes,2019,0,5265388,WEST BENGAL:BANGAON
626,40,Sukanta Majumdar,0,BALURGHAT,Doctorate,BJP,WEST BENGAL,Yes,2019,2168170,5825866,WEST BENGAL:BALURGHAT
629,63,Adhir Ranjan Chowdhury,7,BAHARAMPUR,10th Pass,INC,WEST BENGAL,Yes,2019,8506984,101315437,WEST BENGAL:BAHARAMPUR
653,33,Aparupa Poddar (Afrin Ali),1,ARAMBAG,Post Graduate,AITC,WEST BENGAL,Yes,2019,4244000,12527597,WEST BENGAL:ARAMBAG
662,43,John Barla,9,ALIPURDUARS,8th Pass,BJP,WEST BENGAL,Yes,2019,0,1418730,WEST BENGAL:ALIPURDUARS
665,68,Mala Rajya Laxmi Shah,0,TEHRI GARHWAL,12th Pass,BJP,UTTARAKHAND,Yes,2019,1350000000,1846640100,UTTARAKHAND:TEHRI GARHWAL
684,48,Babul Supriya Baral,4,ASANSOL,Graduate,BJP,WEST BENGAL,Yes,2019,5722184,59234826,WEST BENGAL:ASANSOL
693,57,Ajay Bhatt,0,NAINITAL-UDHAMSINGH NAGAR,Graduate Professional,BJP,UTTARAKHAND,Yes,2019,0,19699529,UTTARAKHAND:NAINITAL-UDHAMSINGH NAGAR
696,65,Subhas Kumar Sarkar,1,BANKURA,Graduate Professional,BJP,WEST BENGAL,Yes,2019,3261495,19799440,WEST BENGAL:BANKURA
700,59,Ramesh Pokhriyal Nishank,0,HARIDWAR,Doctorate,BJP,UTTARAKHAND,Yes,2019,16444,28739888,UTTARAKHAND:HARIDWAR
703,55,Tirath Singh Rawat,0,GARHWAL,Post Graduate,BJP,UTTARAKHAND,Yes,2019,3500000,15032657,UTTARAKHAND:GARHWAL
712,46,Ajay Tamta,0,ALMORA,12th Pass,BJP,UTTARAKHAND,Yes,2019,55845,9910448,UTTARAKHAND:ALMORA
745,68,Narendra Modi,0,VARANASI,Post Graduate,BJP,UTTAR PRADESH,Yes,2019,0,25136119,UTTAR PRADESH:VARANASI
754,63,Swami Sachchidanand Hari Sakshi,4,UNNAO,Doctorate,BJP,UTTAR PRADESH,Yes,2019,699025,40886941,UTTAR PRADESH:UNNAO
780,86,Dr. Shafiqur Rehman Barq,0,SAMBHAL,Graduate,SP,UTTAR PRADESH,Yes,2019,0,13296671,UTTAR PRADESH:SAMBHAL
786,58,Rajesh Verma,1,SITAPUR,Post Graduate,BJP,UTTAR PRADESH,Yes,2019,108148,73129716,UTTAR PRADESH:SITAPUR
804,62,Maneka Sanjay Gandhi,0,SULTANPUR,12th Pass,BJP,UTTAR PRADESH,Yes,2019,11935800,556926451,UTTAR PRADESH:SULTANPUR
811,42,Arun Kumar Sagar,1,SHAHJAHANPUR,12th Pass,BJP,UTTAR PRADESH,Yes,2019,1179697,43448049,UTTAR PRADESH:SHAHJAHANPUR
816,55,Ravinder,0,SALEMPUR,12th Pass,BJP,UTTAR PRADESH,Yes,2019,249400,27031724,UTTAR PRADESH:SALEMPUR
825,62,Haji Fazlur Rehman,0,SAHARANPUR,Graduate,BSP,UTTAR PRADESH,Yes,2019,60000,46146135,UTTAR PRADESH:SAHARANPUR
857,66,Pakauri Lal,0,ROBERTSGANJ,Literate,Apna Dal (Soneylal),UTTAR PRADESH,Yes,2019,684133,23048078,UTTAR PRADESH:ROBERTSGANJ
869,64,Mohammad Azam Khan,10,RAMPUR,Graduate Professional,SP,UTTAR PRADESH,Yes,2019,0,46124814,UTTAR PRADESH:RAMPUR
880,49,Ram Shiromani,0,SHRAWASTI,Graduate Professional,BSP,UTTAR PRADESH,Yes,2019,350000,19108216,UTTAR PRADESH:SHRAWASTI
890,39,Feroze Varun Gandhi,0,PILIBHIT,Post Graduate,BJP,UTTAR PRADESH,Yes,2019,28952800,603200539,UTTAR PRADESH:PILIBHIT
893,48,Sangam Lal Gupta,2,PRATAPGARH,8th Pass,BJP,UTTAR PRADESH,Yes,2019,8895225,248789514,UTTAR PRADESH:PRATAPGARH
895,62,Keshari Devi Patel,2,PHULPUR,Post Graduate,BJP,UTTAR PRADESH,Yes,2019,6505194,172707104,UTTAR PRADESH:PHULPUR
899,55,Girish Chandra,1,NAGINA,12th Pass,BSP,UTTAR PRADESH,Yes,2019,9062600,28659644,UTTAR PRADESH:NAGINA
931,72,Sonia Gandhi,1,RAE BARELI,Others,INC,UTTAR PRADESH,Yes,2019,0,118263916,UTTAR PRADESH:RAE BARELI
945,46,Sanjeev Kumar Balyan,1,MUZAFFARNAGAR,Doctorate,BJP,UTTAR PRADESH,Yes,2019,2373645,15781189,UTTAR PRADESH:MUZAFFARNAGAR
956,68,Rajendra Agarwal,3,MEERUT,Post Graduate,BJP,UTTAR PRADESH,Yes,2019,1990094,13489377,UTTAR PRADESH:MEERUT
967,59,Kaushal Kishore,1,MOHANLALGANJ,Graduate,BJP,UTTAR PRADESH,Yes,2019,0,55530561,UTTAR PRADESH:MOHANLALGANJ
973,52,Ashok Kumar,0,MISRIKH,Post Graduate,BJP,UTTAR PRADESH,Yes,2019,5735470,48771207,UTTAR PRADESH:MISRIKH
980,37,Anupriya Singh Patel,2,MIRZAPUR,Post Graduate,Apna Dal (Soneylal),UTTAR PRADESH,Yes,2019,1805603,26900662,UTTAR PRADESH:MIRZAPUR
1001,54,Pankaj Choudhary,5,MAHARAJGANJ,12th Pass,BJP,UTTAR PRADESH,Yes,2019,4483048,371827109,UTTAR PRADESH:MAHARAJGANJ
1015,79,Mulayam Singh Yadav,1,MAINPURI,Post Graduate,SP,UTTAR PRADESH,Yes,2019,22055657,205604593,UTTAR PRADESH:MAINPURI
1022,30,Praveen Kumar Nishad,0,SANT KABIR NAGAR,Graduate Professional,BJP,UTTAR PRADESH,Yes,2019,2326248,4300614,UTTAR PRADESH:SANT KABIR NAGAR
1029,60,Dr. S T Hasan,0,MORADABAD,Post Graduate,SP,UTTAR PRADESH,Yes,2019,500000,55795546,UTTAR PRADESH:MORADABAD
1047,70,Hema Malini Dharmendra Deol,0,MATHURA,Doctorate,BJP,UTTAR PRADESH,Yes,2019,131288062,2508270292,UTTAR PRADESH:MATHURA
1060,67,Rajnath Singh,0,LUCKNOW,Post Graduate,BJP,UTTAR PRADESH,Yes,2019,0,51492709,UTTAR PRADESH:LUCKNOW
1073,58,Bholanath (B.P. Saroj),0,MACHHLISHAHR,Graduate,BJP,UTTAR PRADESH,Yes,2019,11194163,259027394,UTTAR PRADESH:MACHHLISHAHR
1080,44,Sangeeta Azad,0,LALGANJ,Graduate Professional,BSP,UTTAR PRADESH,Yes,2019,0,88451770,UTTAR PRADESH:LALGANJ
1101,50,Vijay Kumar Dubey,2,KUSHI NAGAR,12th Pass,BJP,UTTAR PRADESH,Yes,2019,316847,21860780,UTTAR PRADESH:KUSHI NAGAR
1109,60,Ajay Kumar,1,KHERI,Graduate Professional,BJP,UTTAR PRADESH,Yes,2019,0,45295455,UTTAR PRADESH:KHERI
1129,39,Subrat Pathak,11,KANNAUJ,Graduate,BJP,UTTAR PRADESH,Yes,2019,28993930,54287991,UTTAR PRADESH:KANNAUJ
1132,71,Satyadev Pachauri,0,KANPUR,Post Graduate,BJP,UTTAR PRADESH,Yes,2019,31052190,132382819,UTTAR PRADESH:KANPUR
1133,62,Brij Bhushan Sharan Singh,4,KAISERGANJ,Graduate Professional,BJP,UTTAR PRADESH,Yes,2019,61524736,98905402,UTTAR PRADESH:KAISERGANJ
1134,48,Pradeep Kumar,5,KAIRANA,Post Graduate,BJP,UTTAR PRADESH,Yes,2019,1300000,17292937,UTTAR PRADESH:KAIRANA
1135,54,Anurag Sharma,0,JHANSI,Post Graduate,BJP,UTTAR PRADESH,Yes,2019,14212970,1243060113,UTTAR PRADESH:JHANSI
1182,60,Bhanu Pratap Singh,1,JALAUN,Post Graduate,BJP,UTTAR PRADESH,Yes,2019,12265,10699516,UTTAR PRADESH:JALAUN
1183,65,Shyam Singh Yadav,0,JAUNPUR,Post Graduate,BSP,UTTAR PRADESH,Yes,2019,3577000,140717620,UTTAR PRADESH:JAUNPUR
1213,49,Vinod Kumar Sonkar,4,KAUSHAMBI,Graduate,BJP,UTTAR PRADESH,Yes,2019,20730086,59336113,UTTAR PRADESH:KAUSHAMBI
1223,61,Rajvir Diler,0,HATHRAS,12th Pass,BJP,UTTAR PRADESH,Yes,2019,0,14930000,UTTAR PRADESH:HATHRAS
1225,51,Ravindra Shyamnarayan Shukla Alias Ravi Kishan,0,GORAKHPUR,12th Pass,BJP,UTTAR PRADESH,Yes,2019,17711043,208494688,UTTAR PRADESH:GORAKHPUR
1230,53,Kirti Vardhan Singh Alias Raja Bhaiya,0,GONDA,Post Graduate,BJP,UTTAR PRADESH,Yes,2019,23201603,232735285,UTTAR PRADESH:GONDA
1233,61,Jai Prakash,0,HARDOI,Graduate,BJP,UTTAR PRADESH,Yes,2019,2615368,234032624,UTTAR PRADESH:HARDOI
1235,45,Kunwar Pushpendra Singh,4,HAMIRPUR,Post Graduate,BJP,UTTAR PRADESH,Yes,2019,35502582,167159924,UTTAR PRADESH:HAMIRPUR
1281,36,Atul Kumar Singh,13,GHOSI,Graduate,BSP,UTTAR PRADESH,Yes,2019,3454591,66536025,UTTAR PRADESH:GHOSI
1285,65,Afzal Ansari,5,GHAZIPUR,Post Graduate,BSP,UTTAR PRADESH,Yes,2019,0,137938756,UTTAR PRADESH:GHAZIPUR
1309,59,Dr. Mahesh Sharma,0,GAUTAM BUDDHA NAGAR,Graduate Professional,BJP,UTTAR PRADESH,Yes,2019,43863749,478759568,UTTAR PRADESH:GAUTAM BUDDHA NAGAR
1316,52,Rajkumar Chahar,3,FATEHPUR SIKRI,Graduate,BJP,UTTAR PRADESH,Yes,2019,356404,14854247,UTTAR PRADESH:FATEHPUR SIKRI
1324,54,Dr Ram Shankar Katheria,12,ETAWAH,Doctorate,BJP,UTTAR PRADESH,Yes,2019,7304616,15154538,UTTAR PRADESH:ETAWAH
1349,52,Sadhvi Niranjan Jyoti,0,FATEHPUR,12th Pass,BJP,UTTAR PRADESH,Yes,2019,910148,10667372,UTTAR PRADESH:FATEHPUR
1358,64,Lallu Singh,1,FAIZABAD,Post Graduate,BJP,UTTAR PRADESH,Yes,2019,11276478,31884642,UTTAR PRADESH:FAIZABAD
1362,45,Rekha Verma,3,DHAURAHRA,12th Pass,BJP,UTTAR PRADESH,Yes,2019,7095916,24735488,UTTAR PRADESH:DHAURAHRA
1366,68,Dr. Chandra Sen Jadon,0,FIROZABAD,Graduate Professional,BJP,UTTAR PRADESH,Yes,2019,0,42872395,UTTAR PRADESH:FIROZABAD
1386,68,Jagdambika Pal,3,DOMARIYAGANJ,Post Graduate,BJP,UTTAR PRADESH,Yes,2019,2838478,103366710,UTTAR PRADESH:DOMARIYAGANJ
1392,67,Vijay Kumar Singh,2,GHAZIABAD,Doctorate,BJP,UTTAR PRADESH,Yes,2019,0,56545702,UTTAR PRADESH:GHAZIABAD
1400,42,Bhola Singh,1,BULANDSHAHR,Graduate,BJP,UTTAR PRADESH,Yes,2019,0,18728861,UTTAR PRADESH:BULANDSHAHR
1416,58,Rajveer Singh,0,ETAH,Graduate Professional,BJP,UTTAR PRADESH,Yes,2019,100220000,383629735,UTTAR PRADESH:ETAH
1425,50,Mukesh Rajput,0,FARRUKHABAD,Graduate,BJP,UTTAR PRADESH,Yes,2019,388246,74964501,UTTAR PRADESH:FARRUKHABAD
1429,62,Dr. Mahendra Nath Pandey,0,CHANDAULI,Doctorate,BJP,UTTAR PRADESH,Yes,2019,0,33359734,UTTAR PRADESH:CHANDAULI
1452,70,Santosh Kumar Gangwar,0,BAREILLY,Graduate Professional,BJP,UTTAR PRADESH,Yes,2019,13055209,126356142,UTTAR PRADESH:BAREILLY
1460,69,Ramapati Ram Tripathi,1,DEORIA,Graduate Professional,BJP,UTTAR PRADESH,Yes,2019,9310684,29451678,UTTAR PRADESH:DEORIA
1464,44,Ramesh Chand,6,BHADOHI,10th Pass,BJP,UTTAR PRADESH,Yes,2019,21696413,94089148,UTTAR PRADESH:BHADOHI
1489,51,Upendra Singh Rawat,1,BARABANKI,Post Graduate,BJP,UTTAR PRADESH,Yes,2019,3171774,18050127,UTTAR PRADESH:BARABANKI
1495,59,R.K. Singh Patel,2,BANDA,Graduate,BJP,UTTAR PRADESH,Yes,2019,0,55794086,UTTAR PRADESH:BANDA
1498,42,Kamlesh Paswan,5,BANSGAON,Graduate,BJP,UTTAR PRADESH,Yes,2019,6049264,171706883,UTTAR PRADESH:BANSGAON
1505,62,Virendra Singh,2,BALLIA,Graduate,BJP,UTTAR PRADESH,Yes,2019,0,24498319,UTTAR PRADESH:BALLIA
1524,53,Malook Nagar,7,BIJNOR,Graduate,BSP,UTTAR PRADESH,Yes,2019,1016148176,2499628021,UTTAR PRADESH:BIJNOR
1530,45,Harish Chandra Alias Harish Dwivedi,5,BASTI,Post Graduate,BJP,UTTAR PRADESH,Yes,2019,322490,8662344,UTTAR PRADESH:BASTI
1533,73,Akshayabar Lal,0,BAHRAICH,10th Pass,BJP,UTTAR PRADESH,Yes,2019,3028133,45691463,UTTAR PRADESH:BAHRAICH
1536,63,Dr. Satyapal Singh,1,BAGHPAT,Post Graduate,BJP,UTTAR PRADESH,Yes,2019,0,78195793,UTTAR PRADESH:BAGHPAT
1538,43,Kunwar Danish Ali,0,AMROHA,Graduate,BSP,UTTAR PRADESH,Yes,2019,19579691,74920879,UTTAR PRADESH:AMROHA
1581,34,Sangh Mitra Maurya,2,BADAUN,Graduate Professional,BJP,UTTAR PRADESH,Yes,2019,0,40372093,UTTAR PRADESH:BADAUN
1590,45,Akhilesh Yadav,0,AZAMGARH,Graduate Professional,SP,UTTAR PRADESH,Yes,2019,2853000,377859166,UTTAR PRADESH:AZAMGARH
1593,50,Dharmendra Kumar,0,AONLA,10th Pass,BJP,UTTAR PRADESH,Yes,2019,3324300,21766502,UTTAR PRADESH:AONLA
1619,58,Satyapal Singh Baghel,5,AGRA,Doctorate,BJP,UTTAR PRADESH,Yes,2019,8606522,74274036,UTTAR PRADESH:AGRA
1627,43,Smriti Irani,0,AMETHI,12th Pass,BJP,UTTAR PRADESH,Yes,2019,0,111099609,UTTAR PRADESH:AMETHI
1630,35,Ritesh Pandey,1,AMBEDKAR NAGAR,Graduate,BSP,UTTAR PRADESH,Yes,2019,24739098,307265103,UTTAR PRADESH:AMBEDKAR NAGAR
1632,50,Pratima Bhoumik,0,TRIPURA WEST,Graduate,BJP,TRIPURA,Yes,2019,0,642398,TRIPURA:TRIPURA WEST
1635,69,Rita Bahuguna Joshi,6,ALLAHABAD,Doctorate,BJP,UTTAR PRADESH,Yes,2019,1600000,26919330,UTTAR PRADESH:ALLAHABAD
1636,43,Rebati Tripura,0,TRIPURA EAST,Post Graduate,BJP,TRIPURA,Yes,2019,0,1948315,TRIPURA:TRIPURA EAST
1713,46,Satish Kumar Gautam,0,ALIGARH,10th Pass,BJP,UTTAR PRADESH,Yes,2019,28095176,109522559,UTTAR PRADESH:ALIGARH
1726,63,B.B.Patil,18,ZAHIRABAD,Graduate,TRS,TELANGANA,Yes,2019,11535000,1287851556,TELANGANA:ZAHIRABAD
1737,42,Venkatesh Netha Borlakunta,0,PEDDAPALLE,Doctorate,TRS,TELANGANA,Yes,2019,0,16597300,TELANGANA:PEDDAPALLE
1739,51,Dayakar Pasnori,0,WARANGAL,Graduate,TRS,TELANGANA,Yes,2019,1428227,24889712,TELANGANA:WARANGAL
1740,55,Nalamada Uttam Kumar Reddy,4,NALGONDA,Graduate,INC,TELANGANA,Yes,2019,1200000,31501349,TELANGANA:NALGONDA
1796,53,Kotha Prabhakar Reddy,0,MEDAK,Graduate,TRS,TELANGANA,Yes,2019,268266203,1266581773,TELANGANA:MEDAK
1806,51,Anumula Revanth Reddy,42,MALKAJGIRI,Graduate,INC,TELANGANA,Yes,2019,27807304,245357182,TELANGANA:MALKAJGIRI
1814,60,Manne Srinivas Reddy,0,MAHBUBNAGAR,12th Pass,TRS,TELANGANA,Yes,2019,4569251,63353123,TELANGANA:MAHBUBNAGAR
1818,39,Kavitha Malothu,1,MAHABUBABAD,Graduate,TRS,TELANGANA,Yes,2019,1252068,19731269,TELANGANA:MAHABUBABAD
1823,58,Gangapuram Kishan Reddy,0,SECUNDERABAD,Others,BJP,TELANGANA,Yes,2019,4500000,81430778,TELANGANA:SECUNDERABAD
1872,66,Pothuganti Ramulu,0,NAGARKURNOOL,Graduate,TRS,TELANGANA,Yes,2019,0,10778684,TELANGANA:NAGARKURNOOL
1877,47,Bandi Sanjay Kumar,6,KARIMNAGAR,Post Graduate,BJP,TELANGANA,Yes,2019,1341800,2270000,TELANGANA:KARIMNAGAR
1880,62,Nama Nageswr Rao,5,KHAMMAM,12th Pass,TRS,TELANGANA,Yes,2019,80721594,1074671341,TELANGANA:KHAMMAM
1921,49,Asaduddin Owaisi,5,HYDERABAD,Graduate Professional,AIMIM,TELANGANA,Yes,2019,120500000,179044376,TELANGANA:HYDERABAD
1927,54,Dr.Gaddam Ranjith Reddy,0,CHEVELLA,Post Graduate,TRS,TELANGANA,Yes,2019,197007553,1634695131,TELANGANA:CHEVELLA
1930,55,Komatireddy Venakat Reddy,14,BHONGIR,12th Pass,INC,TELANGANA,Yes,2019,24069129,162543845,TELANGANA:BHONGIR
1971,52,Bapu Rao Soyam,52,ADILABAD,12th Pass,BJP,TELANGANA,Yes,2019,231450,3099414,TELANGANA:ADILABAD
1977,58,Ravikumar D,0,VILUPPURAM,Doctorate,DMK,TAMIL NADU,Yes,2019,1369031,6509860,TAMIL NADU:VILUPPURAM
2001,45,Annadurai C N,0,TIRUVANNAMALAI,Graduate,DMK,TAMIL NADU,Yes,2019,32243604,134897466,TAMIL NADU:TIRUVANNAMALAI
2004,69,Dr.K.Jayakumar,0,TIRUVALLUR,Doctorate,INC,TAMIL NADU,Yes,2019,0,24583769,TAMIL NADU:TIRUVALLUR
2079,71,Subbarayan.K,0,TIRUPPUR,10th Pass,CPI,TAMIL NADU,Yes,2019,500000,8035576,TAMIL NADU:TIRUPPUR
2086,69,Thirunavukkarasar. Su,0,TIRUCHIRAPPALLI,Post Graduate,INC,TAMIL NADU,Yes,2019,40208,32182184,TAMIL NADU:TIRUCHIRAPPALLI
2115,68,Palanimanickam.S.S,0,THANJAVUR,Graduate Professional,DMK,TAMIL NADU,Yes,2019,2368600,42452076,TAMIL NADU:THANJAVUR
2123,54,Gnanathiraviam S,4,TIRUNELVELI,10th Pass,DMK,TAMIL NADU,Yes,2019,46149049,232759237,TAMIL NADU:TIRUNELVELI
2125,44,Dhanush M Kumar,1,TENKASI,Post Graduate,DMK,TAMIL NADU,Yes,2019,2896862,51360700,TAMIL NADU:TENKASI
2178,39,P. Raveendranath Kumar,0,THENI,Post Graduate,AIADMK,TAMIL NADU,Yes,2019,32734079,65803231,TAMIL NADU:THENI
2186,51,Kanimozhi Karunanidhi,6,THOOTHUKKUDI,Graduate Professional,DMK,TAMIL NADU,Yes,2019,19290928,303373130,TAMIL NADU:THOOTHUKKUDI
2243,49,Parthiban.S.R,4,SALEM,Graduate Professional,DMK,TAMIL NADU,Yes,2019,4039841,60045532,TAMIL NADU:SALEM
2252,77,Baalu.T.R.,0,SRIPERUMBUDUR,Graduate,DMK,TAMIL NADU,Yes,2019,0,208806446,TAMIL NADU:SRIPERUMBUDUR
2256,49,K Shanmugasundaram,0,POLLACHI,Graduate Professional,DMK,TAMIL NADU,Yes,2019,13360639,133109284,TAMIL NADU:POLLACHI
2298,77,Paarivendhar T R,2,PERAMBALUR,Post Graduate,DMK,TAMIL NADU,Yes,2019,65935070,972730368,TAMIL NADU:PERAMBALUR
2304,55,A. Raja,6,NILGIRIS,Graduate Professional,DMK,TAMIL NADU,Yes,2019,1424914,49591024,TAMIL NADU:NILGIRIS
2313,39,K. Navaskani,1,RAMANATHAPURAM,12th Pass,IUML,TAMIL NADU,Yes,2019,47008615,364738171,TAMIL NADU:RAMANATHAPURAM
2348,63,Selvaraj M,0,NAGAPATTINAM,12th Pass,CPI,TAMIL NADU,Yes,2019,1251381,4572837,TAMIL NADU:NAGAPATTINAM
2359,54,Chinraj A.K.P,0,NAMAKKAL,Graduate,DMK,TAMIL NADU,Yes,2019,18642484,485205173,TAMIL NADU:NAMAKKAL
2365,74,Ramalingam S,0,MAYILADUTHURAI,Graduate,DMK,TAMIL NADU,Yes,2019,215000,13355095,TAMIL NADU:MAYILADUTHURAI
2417,49,Venkatesan S,0,MADURAI,12th Pass,CPI(M),TAMIL NADU,Yes,2019,0,1811456,TAMIL NADU:MADURAI
2425,43,Dharmapuri Arvind,1,NIZAMABAD,Post Graduate,BJP,TELANGANA,Yes,2019,337580746,876930468,TELANGANA:NIZAMABAD
2590,44,Selvam.G,0,KANCHEEPURAM,Post Graduate,DMK,TAMIL NADU,Yes,2019,0,48172936,TAMIL NADU:KANCHEEPURAM
2593,68,Vasanthakumar H,0,KANNIYAKUMARI,Post Graduate,INC,TAMIL NADU,Yes,2019,1547511439,4174930444,TAMIL NADU:KANNIYAKUMARI
2649,58,Dr.A.Chellakumar,5,KRISHNAGIRI,Post Graduate,INC,TAMIL NADU,Yes,2019,66817959,121087979,TAMIL NADU:KRISHNAGIRI
2662,72,Ganeshamurthi A,0,ERODE,Graduate,DMK,TAMIL NADU,Yes,2019,2060000,43110000,TAMIL NADU:ERODE
2664,44,Gautham Sigamani Pon,1,KALLAKURICHI,Post Graduate,DMK,TAMIL NADU,Yes,2019,81131909,471186830,TAMIL NADU:KALLAKURICHI
2665,52,Velusamy P,0,DINDIGUL,Illiterate,DMK,TAMIL NADU,Yes,2019,31474526,148076407,TAMIL NADU:DINDIGUL
2721,41,Dnv Senthilkumar.S,1,DHARMAPURI,Post Graduate,DMK,TAMIL NADU,Yes,2019,6053502,48477451,TAMIL NADU:DHARMAPURI
2727,47,Karti P Chidambaram,8,SIVAGANGA,Graduate Professional,INC,TAMIL NADU,Yes,2019,174081116,793729024,TAMIL NADU:SIVAGANGA
2734,48,T. R. V .S. Ramesh,0,CUDDALORE,Graduate Professional,DMK,TAMIL NADU,Yes,2019,102828604,423378552,TAMIL NADU:CUDDALORE
2782,56,Thirumaavalavan Thol,3,CHIDAMBARAM,Doctorate,Viduthalai Chiruthaigal Katchi,TAMIL NADU,Yes,2019,394248,9244092,TAMIL NADU:CHIDAMBARAM
2790,68,P R Natarajan,1,COIMBATORE,12th Pass,CPI(M),TAMIL NADU,Yes,2019,3234168,20284430,TAMIL NADU:COIMBATORE
2807,49,Dr. Kalanidhi Veeraswamy,0,CHENNAI NORTH,Post Graduate,DMK,TAMIL NADU,Yes,2019,258386550,405294714,TAMIL NADU:CHENNAI NORTH
2814,52,Dayanidhi Maran,1,CHENNAI CENTRAL,Graduate,DMK,TAMIL NADU,Yes,2019,0,116790616,TAMIL NADU:CHENNAI CENTRAL
2818,56,Sumathy Alias Thamizhachi Thangapandian,0,CHENNAI SOUTH,Doctorate,DMK,TAMIL NADU,Yes,2019,500000,91793460,TAMIL NADU:CHENNAI SOUTH
2820,71,S. Jagathrakshakan,2,ARAKKONAM,10th Pass,DMK,TAMIL NADU,Yes,2019,166365972,1146984897,TAMIL NADU:ARAKKONAM
2914,30,Indra Hang Subba,0,SIKKIM,Post Graduate,Sikkim Krantikari Morcha,SIKKIM,Yes,2019,0,478817,SIKKIM:SIKKIM
2920,43,Jothimani S,0,KARUR,Post Graduate,INC,TAMIL NADU,Yes,2019,379000,6046055,TAMIL NADU:KARUR
2966,54,Arjunlal Meena,0,UDAIPUR,Post Graduate,BJP,RAJASTHAN,Yes,2019,15602872,48196946,RAJASTHAN:UDAIPUR
2974,65,P. P. Chaudhary,0,PALI,Graduate Professional,BJP,RAJASTHAN,Yes,2019,7278041,385111923,RAJASTHAN:PALI
2978,61,Sukhbir Singh Jaunapuria,0,TONK SAWAI MADHOPUR,12th Pass,BJP,RAJASTHAN,Yes,2019,0,1233802420,RAJASTHAN:TONK SAWAI MADHOPUR
2981,46,Vishnuprasad. M.K,1,ARANI,Graduate Professional,INC,TAMIL NADU,Yes,2019,33409505,234564815,TAMIL NADU:ARANI
3005,47,Hanuman Beniwal,0,NAGAUR,Graduate Professional,Rashtriya Loktantrik Party,RAJASTHAN,Yes,2019,0,4218568,RAJASTHAN:NAGAUR
3018,48,Diya Kumari,0,RAJSAMAND,Others,BJP,RAJASTHAN,Yes,2019,0,165984623,RAJASTHAN:RAJSAMAND
3020,67,Sumedhanand Saraswati,0,SIKAR,Post Graduate,BJP,RAJASTHAN,Yes,2019,2719583,2827638,RAJASTHAN:SIKAR
3040,49,Manoj Rajoria,0,KARAULI DHOLPUR,Post Graduate,BJP,RAJASTHAN,Yes,2019,22121569,64867148,RAJASTHAN:KARAULI DHOLPUR
3045,56,Om Birla,1,KOTA,Post Graduate,BJP,RAJASTHAN,Yes,2019,0,48347737,RAJASTHAN:KOTA
3050,51,Gajendra Singh Shekhawat,1,JODHPUR,Post Graduate,BJP,RAJASTHAN,Yes,2019,58573744,138029511,RAJASTHAN:JODHPUR
3053,58,Narendra Kumar,1,JHUNJHUNU,Graduate,BJP,RAJASTHAN,Yes,2019,3278401,47474109,RAJASTHAN:JHUNJHUNU
3056,48,Dushyant,0,JHALAWAR BARAN,Post Graduate,BJP,RAJASTHAN,Yes,2019,85824156,370432373,RAJASTHAN:JHALAWAR BARAN
3089,42,Devaji Patel,0,JALORE,10th Pass,BJP,RAJASTHAN,Yes,2019,60936530,88332292,RAJASTHAN:JALORE
3095,49,Col. Rajyavardhan Rathore,0,JAIPUR RURAL,Graduate,BJP,RAJASTHAN,Yes,2019,0,127808070,RAJASTHAN:JAIPUR RURAL
3112,48,Nihal Chand,0,GANGANAGAR,Graduate,BJP,RAJASTHAN,Yes,2019,3631287,21014362,RAJASTHAN:GANGANAGAR
3119,42,Rahul Kaswan,0,CHURU,Graduate,BJP,RAJASTHAN,Yes,2019,15163379,36723865,RAJASTHAN:CHURU
3122,71,Jaskaur Meena,0,DAUSA,Post Graduate,BJP,RAJASTHAN,Yes,2019,5825431,143742564,RAJASTHAN:DAUSA
3125,65,Arjun Ram Meghwal,0,BIKANER,Post Graduate,BJP,RAJASTHAN,Yes,2019,1060314,23524459,RAJASTHAN:BIKANER
3129,43,Chandra Prakash,0,CHITTORGARH,Graduate,BJP,RAJASTHAN,Yes,2019,100000,19725115,RAJASTHAN:CHITTORGARH
3130,62,Subhash Chandra Baheria,0,BHILWARA,Graduate,BJP,RAJASTHAN,Yes,2019,1827380,232703276,RAJASTHAN:BHILWARA
3167,39,Ranjeeta Kumari,0,BHARATPUR,8th Pass,BJP,RAJASTHAN,Yes,2019,0,3117190,RAJASTHAN:BHARATPUR
3175,45,Kailash Choudhary,2,BARMER,Graduate,BJP,RAJASTHAN,Yes,2019,0,2402250,RAJASTHAN:BARMER
3179,64,Bhagirath Chaudhary,0,AJMER,12th Pass,BJP,RAJASTHAN,Yes,2019,8319942,85101774,RAJASTHAN:AJMER
3189,74,Preneet Kaur,0,PATIALA,Graduate,INC,PUNJAB,Yes,2019,42453369,635973757,PUNJAB:PATIALA
3195,61,Ram Charan Bohra,0,JAIPUR,12th Pass,BJP,RAJASTHAN,Yes,2019,22000000,165322707,RAJASTHAN:JAIPUR
3196,62,Kanakmal Katara,0,BANSWARA,Graduate Professional,BJP,RAJASTHAN,Yes,2019,1746729,58711904,RAJASTHAN:BANSWARA
3198,45,Bhagwant Mann,0,SANGRUR,12th Pass,AAP,PUNJAB,Yes,2019,0,16427274,PUNJAB:SANGRUR
3268,43,Ravneet Singh Bittu,3,LUDHIANA,12th Pass,INC,PUNJAB,Yes,2019,3331266,54281096,PUNJAB:LUDHIANA
3276,72,Santokh Singh Chaudhary,0,JALANDHAR,Graduate Professional,INC,PUNJAB,Yes,2019,2534363,99925185,PUNJAB:JALANDHAR
3309,70,Som Parkash,0,HOSHIARPUR,Post Graduate,BJP,PUNJAB,Yes,2019,0,29404519,PUNJAB:HOSHIARPUR
3316,48,Jasbir Singh Gill,0,KHADOOR SAHIB,Others,INC,PUNJAB,Yes,2019,4655000,81393500,PUNJAB:KHADOOR SAHIB
3335,59,Ajay Singh Dharmendra Deol (Sunny Deol),0,GURDASPUR,Others,BJP,PUNJAB,Yes,2019,534644785,871925679,PUNJAB:GURDASPUR
3344,56,Sukhbir Singh Badal,4,FIROZPUR,Post Graduate,SAD,PUNJAB,Yes,2019,954852600,2179919870,PUNJAB:FIROZPUR
3351,35,Mahant Balak Nath,0,ALWAR,10th Pass,BJP,RAJASTHAN,Yes,2019,0,352929,RAJASTHAN:ALWAR
3354,65,Amar Singh,0,FATEHGARH SAHIB,Post Graduate,INC,PUNJAB,Yes,2019,0,32808836,PUNJAB:FATEHGARH SAHIB
3403,79,Mohammad Sadique,0,FARIDKOT,5th Pass,INC,PUNJAB,Yes,2019,311043,19793884,PUNJAB:FARIDKOT
3411,53,Manish Tewari,0,ANANDPUR SAHIB,Graduate Professional,INC,PUNJAB,Yes,2019,0,154637860,PUNJAB:ANANDPUR SAHIB
3422,52,Harsimrat Kaur Badal,0,BATHINDA,10th Pass,SAD,PUNJAB,Yes,2019,954852600,2179919870,PUNJAB:BATHINDA
3476,46,Gurjeet Singh Aujla,0,AMRITSAR,12th Pass,INC,PUNJAB,Yes,2019,9031565,34011739,PUNJAB:AMRITSAR
3480,58,Jual Oram,2,SUNDARGARH,Others,BJP,ODISHA,Yes,2019,12743330,74185014,ODISHA:SUNDARGARH
3483,59,Pinaki Misra,0,PURI,Graduate Professional,BJD,ODISHA,Yes,2019,21932742,1174701344,ODISHA:PURI
3486,54,Bishweswar Tudu,1,MAYURBHANJ,10th Pass,BJP,ODISHA,Yes,2019,400000,2742000,ODISHA:MAYURBHANJ
3530,68,V. Vaithilingam,0,PUDUCHERRY,Graduate,INC,PUDUCHERRY,Yes,2019,520989,108015548,PUDUCHERRY:PUDUCHERRY
3538,40,Ramesh Chandra Majhi,0,NABARANGPUR,Graduate,BJD,ODISHA,Yes,2019,771000,8100600,ODISHA:NABARANGPUR
3542,47,Nitesh Ganga Deb,1,SAMBALPUR,12th Pass,BJP,ODISHA,Yes,2019,10337195,269543587,ODISHA:SAMBALPUR
3544,40,Saptagiri Sankar Ulaka,0,KORAPUT,Graduate Professional,INC,ODISHA,Yes,2019,1217963,37587560,ODISHA:KORAPUT
3569,58,Basanta Kumar Panda,3,KALAHANDI,12th Pass,BJP,ODISHA,Yes,2019,0,9547000,ODISHA:KALAHANDI
3576,25,Chandrani Murmu,0,KEONJHAR,Graduate Professional,BJD,ODISHA,Yes,2019,0,340580,ODISHA:KEONJHAR
3584,55,Achyutananda Samanta,0,KANDHAMAL,Doctorate,BJD,ODISHA,Yes,2019,0,1244722,ODISHA:KANDHAMAL
3588,37,Anubhav Mohanty,0,KENDRAPARA,Graduate,BJD,ODISHA,Yes,2019,4133506,22309172,ODISHA:KENDRAPARA
3596,57,Smt. Sangeeta Kumari Singh Deo,0,BOLANGIR,Graduate,BJP,ODISHA,Yes,2019,7500000,379590851,ODISHA:BOLANGIR
3604,45,Sarmistha Sethi,0,JAJPUR,Post Graduate,BJD,ODISHA,Yes,2019,0,15837082,ODISHA:JAJPUR
3612,55,Rajashree Mallick,0,JAGATSINGHPUR,Graduate Professional,BJD,ODISHA,Yes,2019,1433305,40023972,ODISHA:JAGATSINGHPUR
3616,58,Mahesh Sahoo,1,DHENKANAL,12th Pass,BJD,ODISHA,Yes,2019,0,14529286,ODISHA:DHENKANAL
3619,62,Bhartruhari Mahtab,0,CUTTACK,Post Graduate,BJD,ODISHA,Yes,2019,0,106894976,ODISHA:CUTTACK
3641,49,Aparajita Sarangi,0,BHUBANESWAR,Graduate,BJP,ODISHA,Yes,2019,4329959,31677600,ODISHA:BHUBANESWAR
3647,42,Manjulata Mandal,0,BHADRAK,Graduate,BJD,ODISHA,Yes,2019,8958149,39417891,ODISHA:BHADRAK
3651,68,Chandra Sekhar Sahu,0,BERHAMPUR,10th Pass,BJD,ODISHA,Yes,2019,0,11716989,ODISHA:BERHAMPUR
3670,70,Pramila Bisoyi,0,ASKA,5th Pass,BJD,ODISHA,Yes,2019,0,732470,ODISHA:ASKA
3678,64,Pratap Chandra Sarangi,7,BALASORE,Graduate,BJP,ODISHA,Yes,2019,160,1346236,ODISHA:BALASORE
3690,57,Ramesh Bidhuri,2,SOUTH DELHI,Graduate Professional,BJP,NATIONAL CAPITAL TERRITORY OF DELHI,Yes,2019,2038454,180052708,NATIONAL CAPITAL TERRITORY OF DELHI:SOUTH DELHI
3698,41,Parvesh Sahib Singh,0,WEST DELHI,Post Graduate,BJP,NATIONAL CAPITAL TERRITORY OF DELHI,Yes,2019,40097329,155195014,NATIONAL CAPITAL TERRITORY OF DELHI:WEST DELHI
3703,57,Hans Raj Hans,0,NORTH WEST DELHI,10th Pass,BJP,NATIONAL CAPITAL TERRITORY OF DELHI,Yes,2019,47897494,130937732,NATIONAL CAPITAL TERRITORY OF DELHI:NORTH WEST DELHI
3718,48,Manoj Tiwari,3,NORTH EAST DELHI,Post Graduate,BJP,NATIONAL CAPITAL TERRITORY OF DELHI,Yes,2019,13618755,242817031,NATIONAL CAPITAL TERRITORY OF DELHI:NORTH EAST DELHI
3773,51,Meenakashi Lekhi,0,NEW DELHI,Graduate Professional,BJP,NATIONAL CAPITAL TERRITORY OF DELHI,Yes,2019,7938378,361441689,NATIONAL CAPITAL TERRITORY OF DELHI:NEW DELHI
3781,58,Suresh Pujari,0,BARGARH,Post Graduate,BJP,ODISHA,Yes,2019,0,11673429,ODISHA:BARGARH
3786,62,Tokheho Yepthomi,0,NAGALAND,Graduate,Nationalist Democratic Progressive Party,NAGALAND,Yes,2019,18600000,128117474,NAGALAND:NAGALAND
3808,64,Harsh Vardhan,0,CHANDNI CHOWK,Post Graduate,BJP,NATIONAL CAPITAL TERRITORY OF DELHI,Yes,2019,0,30171897,NATIONAL CAPITAL TERRITORY OF DELHI:CHANDNI CHOWK
3818,51,Vincent H. Pala,0,SHILLONG,Graduate Professional,INC,MEGHALAYA,Yes,2019,0,549515421,MEGHALAYA:SHILLONG
3821,62,C Lalrosanga,0,MIZORAM,Graduate,MNF,MIZORAM,Yes,2019,0,131201374,MIZORAM:MIZORAM
3825,59,Lorho S. Pfoze,0,OUTER MANIPUR,Graduate Professional,NPF,MANIPUR,Yes,2019,0,13709352,MANIPUR:OUTER MANIPUR
3829,38,Agatha K. Sangma,0,TURA,Post Graduate,NPP,MEGHALAYA,Yes,2019,0,29406813,MEGHALAYA:TURA
3856,65,Ramdas Chandrabhanji Tadas,0,WARDHA,10th Pass,BJP,MAHARASHTRA,Yes,2019,8961387,65807822,MAHARASHTRA:WARDHA
3864,67,Dr Rajkumar Ranjan Singh,0,INNER MANIPUR,Doctorate,BJP,MANIPUR,Yes,2019,0,19616174,MANIPUR:INNER MANIPUR
3881,63,Shri. Sha. Bra. Dr. Jay Siddeshwar Shivachrya Mahaswamiji,0,SOLAPUR,Graduate,BJP,MAHARASHTRA,Yes,2019,0,27870079,MAHARASHTRA:SOLAPUR
3891,57,Sadashiv Kisan Lokhande,1,SHIRDI,10th Pass,SHS,MAHARASHTRA,Yes,2019,205100,113710526,MAHARASHTRA:SHIRDI
3914,46,Bhavana Pundlikrao Gawali,3,YAVATMAL WASHIM,Graduate,SHS,MAHARASHTRA,Yes,2019,7396250,96873189,MAHARASHTRA:YAVATMAL WASHIM
3922,54,Sanjaykaka Patil,1,SANGLI,10th Pass,BJP,MAHARASHTRA,Yes,2019,23345328,191192187,MAHARASHTRA:SANGLI
3926,57,Rajan Baburao Vichare,9,THANE,12th Pass,SHS,MAHARASHTRA,Yes,2019,54080733,181441465,MAHARASHTRA:THANE
3929,38,Amol Ramsing Kolhe,0,SHIRUR,Graduate Professional,NCP,MAHARASHTRA,Yes,2019,1488116,43351521,MAHARASHTRA:SHIRUR
3995,31,Khadse Raksha Nikhil,0,RAVER,Graduate,BJP,MAHARASHTRA,Yes,2019,0,172713734,MAHARASHTRA:RAVER
4001,65,Vinayak Bhaurao Raut,3,RATNAGIRI SINDHUDURG,Post Graduate,SHS,MAHARASHTRA,Yes,2019,2830000,50660534,MAHARASHTRA:RATNAGIRI SINDHUDURG
4004,53,Krupal Balaji Tumane,0,RAMTEK,Graduate,SHS,MAHARASHTRA,Yes,2019,4228793,95603165,MAHARASHTRA:RAMTEK
4035,64,Tatkare Sunil Dattatray,0,RAIGAD,Others,NCP,MAHARASHTRA,Yes,2019,3221073,127487277,MAHARASHTRA:RAIGAD
4039,52,Jadhav Sanjay (Bandu) Haribhau,6,PARBHANI,10th Pass,SHS,MAHARASHTRA,Yes,2019,4519583,41040011,MAHARASHTRA:PARBHANI
4040,51,Gavit Rajendra Dhedya,0,PALGHAR,Graduate,SHS,MAHARASHTRA,Yes,2019,30223375,87616920,MAHARASHTRA:PALGHAR
4079,68,Girish Bhalchandra Bapat,1,PUNE,Graduate,BJP,MAHARASHTRA,Yes,2019,1793891,57959302,MAHARASHTRA:PUNE
4087,49,Hemant Tukaram Godse,1,NASHIK,Others,SHS,MAHARASHTRA,Yes,2019,41083126,146869996,MAHARASHTRA:NASHIK
4090,31,Heena Vijaykumar Gavit,0,NANDURBAR,Post Graduate,BJP,MAHARASHTRA,Yes,2019,15291251,271634532,MAHARASHTRA:NANDURBAR
4137,57,Chikhalikar Pratap Govindrao,0,NANDED,12th Pass,BJP,MAHARASHTRA,Yes,2019,594000,52178606,MAHARASHTRA:NANDED
4150,35,Omprakash Bhupalsinh Alias Pavan Rajenimbalkar,4,OSMANABAD,12th Pass,SHS,MAHARASHTRA,Yes,2019,10045858,50299295,MAHARASHTRA:OSMANABAD
4152,47,Rahul Ramesh Shewale,0,MUMBAI SOUTH CENTRAL,Others,SHS,MAHARASHTRA,Yes,2019,7778954,18881363,MAHARASHTRA:MUMBAI SOUTH CENTRAL
4182,67,Arvind Sawant,1,MUMBAI SOUTH,Graduate,SHS,MAHARASHTRA,Yes,2019,0,27181577,MAHARASHTRA:MUMBAI SOUTH
4187,53,Bhonsle Shrimant Chhatrapati Udayanraje Pratapasinh Maharaj,8,SATARA,12th Pass,NCP,MAHARASHTRA,Yes,2019,12340338,1996813173,MAHARASHTRA:SATARA
4191,62,Nitin Jairam Gadkari,4,NAGPUR,Graduate Professional,BJP,MAHARASHTRA,Yes,2019,40729055,187916075,MAHARASHTRA:NAGPUR
4196,75,Gajanan Chandrakant Kirtikar,0,MUMBAI NORTH WEST,Graduate,SHS,MAHARASHTRA,Yes,2019,4032000,105392000,MAHARASHTRA:MUMBAI NORTH WEST
4200,46,Manoj Kishorbhai Kotak,2,MUMBAI NORTH EAST,10th Pass,BJP,MAHARASHTRA,Yes,2019,2048000,54661944,MAHARASHTRA:MUMBAI NORTH EAST
4281,38,Poonam Vajendla Rao,2,MUMBAI NORTH CENTRAL,Others,BJP,MAHARASHTRA,Yes,2019,0,22242513,MAHARASHTRA:MUMBAI NORTH CENTRAL
4288,65,Gopal Chinnaya Shetty,9,MUMBAI NORTH,5th Pass,BJP,MAHARASHTRA,Yes,2019,21136135,157535232,MAHARASHTRA:MUMBAI NORTH
4318,54,Sanjay Sadashivrao Mandlik,0,KOLHAPUR,Post Graduate,SHS,MAHARASHTRA,Yes,2019,10580414,95171892,MAHARASHTRA:KOLHAPUR
4333,42,Ranjeetsinha Hindurao Naik Nimbalkar,2,MADHA,12th Pass,BJP,MAHARASHTRA,Yes,2019,896315287,1275160578,MAHARASHTRA:MADHA
4340,57,Sudhakar Tukaram Shrangare,0,LATUR,10th Pass,BJP,MAHARASHTRA,Yes,2019,100250602,286478302,MAHARASHTRA:LATUR
4345,65,Danve Raosaheb Dadarao,2,JALNA,Graduate,BJP,MAHARASHTRA,Yes,2019,2400000,229557992,MAHARASHTRA:JALNA
4347,41,Unmesh Bhaiyyasaheb Patil,1,JALGAON,Graduate Professional,BJP,MAHARASHTRA,Yes,2019,2529954,12324604,MAHARASHTRA:JALGAON
4408,48,Patil Hemant Shriram,0,HINGOLI,Graduate,SHS,MAHARASHTRA,Yes,2019,1299983,18594458,MAHARASHTRA:HINGOLI
4413,38,Dhairyashil Sambhajirao Mane,0,HATKANANGLE,Graduate,SHS,MAHARASHTRA,Yes,2019,41599959,47771462,MAHARASHTRA:HATKANANGLE
4416,55,Shrirang Chandu Barne,3,MAVAL,8th Pass,SHS,MAHARASHTRA,Yes,2019,416612,1023310134,MAHARASHTRA:MAVAL
4474,32,Dr. Shrikant Eknath Shinde,1,KALYAN,Post Graduate,SHS,MAHARASHTRA,Yes,2019,1241233,19616515,MAHARASHTRA:KALYAN
4480,55,Ashok Mahadevrao Nete,0,GADCHIROLI CHIMUR,12th Pass,BJP,MAHARASHTRA,Yes,2019,15682840,50136369,MAHARASHTRA:GADCHIROLI CHIMUR
4483,43,Dhanorkar Suresh Narayan,5,CHANDRAPUR,12th Pass,INC,MAHARASHTRA,Yes,2019,22752880,137455342,MAHARASHTRA:CHANDRAPUR
4519,58,Prataprao Ganpatrao Jadhav,3,BULDHANA,12th Pass,SHS,MAHARASHTRA,Yes,2019,735482,116272966,MAHARASHTRA:BULDHANA
4523,40,Bharti Pawar,0,DINDORI,Graduate Professional,BJP,MAHARASHTRA,Yes,2019,1449572,122885349,MAHARASHTRA:DINDORI
4527,66,Subhash Ramrao Bhamre,2,DHULE,Post Graduate,BJP,MAHARASHTRA,Yes,2019,1000000,158651112,MAHARASHTRA:DHULE
4531,58,Kapil Moreshwar Patil,0,BHIWANDI,Graduate,BJP,MAHARASHTRA,Yes,2019,5645459,418850781,MAHARASHTRA:BHIWANDI
4533,50,Sunil Baburao Mendhe,2,BHANDARA GONDIYA,Others,BJP,MAHARASHTRA,Yes,2019,19861338,627543615,MAHARASHTRA:BHANDARA GONDIYA
4595,50,Imtiaz Jaleel Syed,4,AURANGABAD,Post Graduate,AIMIM,MAHARASHTRA,Yes,2019,6800000,29562768,MAHARASHTRA:AURANGABAD
4601,49,Supriya Sadanand Sule,0,BARAMATI,Graduate,NCP,MAHARASHTRA,Yes,2019,5500000,1408888704,MAHARASHTRA:BARAMATI
4636,33,Navneet Ravi Rana,1,AMRAVATI,10th Pass,IND,MAHARASHTRA,Yes,2019,70576979,124554656,MAHARASHTRA:AMRAVATI
4644,37,Sujay Radhakrishna Vikhe,0,AHMEDNAGAR,Doctorate,BJP,MAHARASHTRA,Yes,2019,2623964,168664576,MAHARASHTRA:AHMEDNAGAR
4679,65,Virendra Kumar,0,TIKAMGARH,Doctorate,BJP,MADHYA PRADESH,Yes,2019,1974216,21503766,MADHYA PRADESH:TIKAMGARH
4683,41,Riti Pathak,0,SIDHI,Post Graduate,BJP,MADHYA PRADESH,Yes,2019,505922,51541791,MADHYA PRADESH:SIDHI
4685,60,Sanjay Shamrao Dhotre,1,AKOLA,Graduate Professional,BJP,MAHARASHTRA,Yes,2019,14985774,77153230,MAHARASHTRA:AKOLA
4690,47,Anil Firojiya,0,UJJAIN,12th Pass,BJP,MADHYA PRADESH,Yes,2019,3203766,26417937,MADHYA PRADESH:UJJAIN
4736,36,Pritam Gopinathrao Munde,1,BEED,Post Graduate,BJP,MAHARASHTRA,Yes,2019,98833794,167477926,MAHARASHTRA:BEED
4740,32,Himadri Singh,0,SHAHDOL,Graduate,BJP,MADHYA PRADESH,Yes,2019,1736289,36564408,MADHYA PRADESH:SHAHDOL
4741,56,Ganesh Singh,2,SATNA,Post Graduate,BJP,MADHYA PRADESH,Yes,2019,0,41719076,MADHYA PRADESH:SATNA
4806,51,Rajbahadur Singh,1,SAGAR,Post Graduate,BJP,MADHYA PRADESH,Yes,2019,547428,16416828,MADHYA PRADESH:SAGAR
4813,62,Janardan Prasad Mishra,0,REWA,Graduate Professional,BJP,MADHYA PRADESH,Yes,2019,580627,20359750,MADHYA PRADESH:REWA
4817,58,Rodmal Nagar,0,RAJGARH,Graduate,BJP,MADHYA PRADESH,Yes,2019,3921362,40198295,MADHYA PRADESH:RAJGARH
4820,62,Guman Singh Damor	,0,RATLAM,Graduate Professional,BJP,MADHYA PRADESH,Yes,2019,4890940,42072262,MADHYA PRADESH:RATLAM
4858,59,Sudheer Gupta,1,MANDSOUR,Post Graduate,BJP,MADHYA PRADESH,Yes,2019,799283,90908944,MADHYA PRADESH:MANDSOUR
4864,59,Faggan Singh Kulaste,0,MANDLA,Post Graduate,BJP,MADHYA PRADESH,Yes,2019,1000075,26702373,MADHYA PRADESH:MANDLA
4881,66,Ramakant Bhargava,0,VIDISHA,12th Pass,BJP,MADHYA PRADESH,Yes,2019,3332012,30032282,MADHYA PRADESH:VIDISHA
4887,49,Vishnu Datt Sharma,0,KHAJURAHO,Post Graduate,BJP,MADHYA PRADESH,Yes,2019,2507176,10589334,MADHYA PRADESH:KHAJURAHO
4911,61,Narendra Singh Tomar,1,MORENA,Graduate,BJP,MADHYA PRADESH,Yes,2019,6689767,23062224,MADHYA PRADESH:MORENA
4918,57,Shankar Lalwani,2,INDORE,Graduate Professional,BJP,MADHYA PRADESH,Yes,2019,2106382,59038508,MADHYA PRADESH:INDORE
4921,56,Rakesh Singh,1,JABALPUR,Graduate,BJP,MADHYA PRADESH,Yes,2019,1387000,43134351,MADHYA PRADESH:JABALPUR
4924,54,Rao Uday Pratap Singh,1,HOSHANGABAD,Graduate,BJP,MADHYA PRADESH,Yes,2019,9103300,154783105,MADHYA PRADESH:HOSHANGABAD
4989,66,Nandkumar Singh Chouhan (Nandu Bhaiya),0,KHANDWA,Post Graduate,BJP,MADHYA PRADESH,Yes,2019,4819099,19076515,MADHYA PRADESH:KHANDWA
5000,43,Krishna Pal Singh,0,GUNA,Graduate Professional,BJP,MADHYA PRADESH,Yes,2019,494053,16266408,MADHYA PRADESH:GUNA
5013,43,Gajendra Umrao Singh Patel,0,KHARGONE,Graduate Professional,BJP,MADHYA PRADESH,Yes,2019,1885020,67303990,MADHYA PRADESH:KHARGONE
5020,71,Vivek Narayan Shejwalkar,0,GWALIOR,Graduate Professional,BJP,MADHYA PRADESH,Yes,2019,0,58911673,MADHYA PRADESH:GWALIOR
5029,44,Nakul Nath,0,CHHINDWARA,Graduate,INC,MADHYA PRADESH,Yes,2019,8791712,6601946757,MADHYA PRADESH:CHHINDWARA
5032,65,Chhatar Singh Darbar,1,DHAR,Post Graduate,BJP,MADHYA PRADESH,Yes,2019,2471613,23198238,MADHYA PRADESH:DHAR
5036,35,Mahendra Singh Solanky,0,DEWAS,Graduate Professional,BJP,MADHYA PRADESH,Yes,2019,1832631,3812464,MADHYA PRADESH:DEWAS
5065,59,Prahalad Singh Patel,0,DAMOH,Graduate Professional,BJP,MADHYA PRADESH,Yes,2019,4230614,43292483,MADHYA PRADESH:DAMOH
5074,45,Sandhya Ray,0,BHIND,Post Graduate,BJP,MADHYA PRADESH,Yes,2019,13400000,51108660,MADHYA PRADESH:BHIND
5098,43,Mohammed Faizal Pp,2,LAKSHADWEEP,Post Graduate,NCP,LAKSHADWEEP,Yes,2019,0,938641,LAKSHADWEEP:LAKSHADWEEP
5104,62,K. Muraleedharan,3,VADAKARA,Graduate,INC,KERALA,Yes,2019,0,114379340,KERALA:VADAKARA
5116,48,Rahul Gandhi,5,WAYANAD,Post Graduate,INC,KERALA,Yes,2019,7201904,158877063,KERALA:WAYANAD
5125,66,Dr. Dhal Singh Bisen,0,BALAGHAT,Others,BJP,MADHYA PRADESH,Yes,2019,1530693,88648133,MADHYA PRADESH:BALAGHAT
5137,58,T. N. Prathapan,7,THRISSUR,12th Pass,INC,KERALA,Yes,2019,2978120,8609349,KERALA:THRISSUR
5140,63,Shashi Tharoor,2,THIRUVANANTHAPURAM,Doctorate,INC,KERALA,Yes,2019,0,350022585,KERALA:THIRUVANANTHAPURAM
5183,55,Durga Das (D.D.) Uikey,0,BETUL,Post Graduate,BJP,MADHYA PRADESH,Yes,2019,875803,15413532,MADHYA PRADESH:BETUL
5192,72,E T Mohammed Basheer,0,PONNANI,10th Pass,IUML,KERALA,Yes,2019,0,8103274,KERALA:PONNANI
5195,62,Anto Antony,1,PATHANAMTHITTA,Graduate,INC,KERALA,Yes,2019,7723227,6075876,KERALA:PATHANAMTHITTA
5211,49,V K Sreekandan,7,PALAKKAD,Graduate,INC,KERALA,Yes,2019,2709000,6356399,KERALA:PALAKKAD
5217,56,Kodikunnil Suresh,1,MAVELIKKARA,Post Graduate,INC,KERALA,Yes,2019,982819,12965129,KERALA:MAVELIKKARA
5220,67,Kunhalikutty,2,MALAPPURAM,Graduate,IUML,KERALA,Yes,2019,0,52932535,KERALA:MALAPPURAM
5223,66,M.K.Raghavan,1,KOZHIKODE,Graduate,INC,KERALA,Yes,2019,3174805,12502009,KERALA:KOZHIKODE
5252,66,Thomas Chazhikadan,0,KOTTAYAM,Graduate Professional,Kerala Congress (M),KERALA,Yes,2019,495778,26027478,KERALA:KOTTAYAM
5259,65,Rajmohan Unnithan,1,KASARAGOD,Graduate,INC,KERALA,Yes,2019,862257,21570257,KERALA:KASARAGOD
5262,58,Premachandran N K,5,KOLLAM,Graduate Professional,Revolutionary Socialist Party,KERALA,Yes,2019,3270587,17500650,KERALA:KOLLAM
5276,49,Sadhvi Pragya Singh Thakur,1,BHOPAL,Post Graduate,BJP,MADHYA PRADESH,Yes,2019,0,444224,MADHYA PRADESH:BHOPAL
5283,70,K Sudhakaran,3,KANNUR,Post Graduate,INC,KERALA,Yes,2019,7468633,29699206,KERALA:KANNUR
5285,37,Dean Kuriakose,204,IDUKKI,Post Graduate,INC,KERALA,Yes,2019,10000000,13395011,KERALA:IDUKKI
5298,35,Hibi Eden,7,ERNAKULAM,Graduate,INC,KERALA,Yes,2019,200000,7908467,KERALA:ERNAKULAM
5302,66,Benny Behanan,4,CHALAKUDY,Graduate,INC,KERALA,Yes,2019,915938,20461931,KERALA:CHALAKUDY
5350,63,Adoor Prakash,7,ATTINGAL,Graduate Professional,INC,KERALA,Yes,2019,27622685,144098612,KERALA:ATTINGAL
5354,32,Ramya P M,3,ALATHUR,10th Pass,INC,KERALA,Yes,2019,0,1152816,KERALA:ALATHUR
5357,54,A M Ariff,2,ALAPPUZHA,Graduate Professional,CPI(M),KERALA,Yes,2019,2220700,15268906,KERALA:ALAPPUZHA
5386,52,Shobha Karandlaje,3,UDUPI CHIKMAGALUR,Post Graduate,BJP,KARNATAKA,Yes,2019,49936840,104872668,KARNATAKA:UDUPI CHIKMAGALUR
5393,46,B.Y.Raghavendra,2,SHIMOGA,Graduate,BJP,KARNATAKA,Yes,2019,14150647,674093851,KARNATAKA:SHIMOGA
5397,78,G S Basavaraj,0,TUMKUR,Graduate Professional,BJP,KARNATAKA,Yes,2019,113844867,510779150,KARNATAKA:TUMKUR
5399,62,Raja Amareshwara Naik,0,RAICHUR,Graduate Professional,BJP,KARNATAKA,Yes,2019,678532,30638375,KARNATAKA:RAICHUR
5429,51,Anantkumar Hegde,4,UTTARA KANNADA,12th Pass,BJP,KARNATAKA,Yes,2019,41016655,84755455,KARNATAKA:UTTARA KANNADA
5437,29,Sumalatha W/O Darshan K.,0,MANDYA,Post Graduate,IND,KARNATAKA,Yes,2019,0,2823601,KARNATAKA:MANDYA
5440,64,Karadi Sanganna Amarappa,1,KOPPAL,10th Pass,BJP,KARNATAKA,Yes,2019,22475333,28725791,KARNATAKA:KOPPAL
5476,42,Prathap Simha,3,MYSORE,Post Graduate,BJP,KARNATAKA,Yes,2019,6586698,18723762,KARNATAKA:MYSORE
5489,44,S. Muniswamy,2,KOLAR,12th Pass,BJP,KARNATAKA,Yes,2019,19865690,174557500,KARNATAKA:KOLAR
5492,28,Prajwal R,0,HASSAN,Graduate Professional,JD(S),KARNATAKA,Yes,2019,37253210,97848632,KARNATAKA:HASSAN
5497,52,Udasi. S.C.,0,HAVERI,12th Pass,BJP,KARNATAKA,Yes,2019,165566495,718499195,KARNATAKA:HAVERI
5528,60,Dr. Umesh G Jadhav,0,GULBARGA,Post Graduate,BJP,KARNATAKA,Yes,2019,0,37490597,KARNATAKA:GULBARGA
5536,67,G M Siddeshwar,0,DAVANAGERE,10th Pass,BJP,KARNATAKA,Yes,2019,14670809,380164932,KARNATAKA:DAVANAGERE
5564,62,A Narayanaswamy,0,CHITRADURGA,Graduate,BJP,KARNATAKA,Yes,2019,0,96197642,KARNATAKA:CHITRADURGA
5572,56,Pralhad Joshi,1,DHARWAD,Graduate,BJP,KARNATAKA,Yes,2019,51736254,111384447,KARNATAKA:DHARWAD
5575,55,Annasaheb Shankar Jolle,0,CHIKKODI,12th Pass,BJP,KARNATAKA,Yes,2019,195595693,344922831,KARNATAKA:CHIKKODI
5582,76,B.N.Bache Gowda,0,CHIKKBALLAPUR,Graduate Professional,BJP,KARNATAKA,Yes,2019,0,1153501141,KARNATAKA:CHIKKBALLAPUR
5627,50,Bhagwanth Khuba,1,BIDAR,Graduate Professional,BJP,KARNATAKA,Yes,2019,10239000,51836416,KARNATAKA:BIDAR
5649,71,V Srinivas Prasad,0,CHAMARAJANAGAR,Post Graduate,BJP,KARNATAKA,Yes,2019,324909,143804441,KARNATAKA:CHAMARAJANAGAR
5655,66,Jigajinagi Ramesh Chandappa,0,BIJAPUR,Graduate,BJP,KARNATAKA,Yes,2019,1600000,504122985,KARNATAKA:BIJAPUR
5657,67,Y. Devendrappa,0,BELLARY,5th Pass,BJP,KARNATAKA,Yes,2019,250000,40107878,KARNATAKA:BELLARY
5661,52,D.K. Suresh,5,BANGALORE RURAL,12th Pass,INC,KARNATAKA,Yes,2019,519320305,3388920717,KARNATAKA:BANGALORE RURAL
5697,52,Nalin Kumar Kateel,4,DAKSHINA KANNADA,10th Pass,BJP,KARNATAKA,Yes,2019,4450945,14678300,KARNATAKA:DAKSHINA KANNADA
5703,28,Tejasvi Surya,0,BANGALORE SOUTH,Graduate Professional,BJP,KARNATAKA,Yes,2019,0,1346593,KARNATAKA:BANGALORE SOUTH
5733,66,D.V. Sadananda Gowda,0,BANGALORE NORTH,Graduate Professional,BJP,KARNATAKA,Yes,2019,104302653,209384539,KARNATAKA:BANGALORE NORTH
5740,35,Geeta Kora,1,SINGHBHUM,Post Graduate,INC,JHARKHAND,Yes,2019,1928508,25249018,JHARKHAND:SINGHBHUM
5744,60,Sanjay Seth,0,RANCHI,Graduate Professional,BJP,JHARKHAND,Yes,2019,100000,14044267,JHARKHAND:RANCHI
5758,68,Gaddigoudar Parvatagouda Chandanagouda,0,BAGALKOT,Graduate Professional,BJP,KARNATAKA,Yes,2019,7987991,43980663,KARNATAKA:BAGALKOT
5806,63,Angadi Suresh,0,BELGAUM,Graduate Professional,BJP,KARNATAKA,Yes,2019,198479638,366164525,KARNATAKA:BELGAUM
5810,55,P. C. Mohan,0,BANGALORE CENTRAL,12th Pass,BJP,KARNATAKA,Yes,2019,312521957,755529306,KARNATAKA:BANGALORE CENTRAL
5884,68,Vishnu Dayal Ram,0,PALAMU,Graduate,BJP,JHARKHAND,Yes,2019,90922,32273873,JHARKHAND:PALAMU
5891,50,Annapurna Devi,0,KODARMA,Post Graduate,BJP,JHARKHAND,Yes,2019,3189066,97636939,JHARKHAND:KODARMA
5894,52,Sudarshan Bhagat,0,LOHARDAGA,Graduate,BJP,JHARKHAND,Yes,2019,525000,12947303,JHARKHAND:LOHARDAGA
5896,50,Arjun Munda,0,KHUNTI,12th Pass,BJP,JHARKHAND,Yes,2019,27106434,91507865,JHARKHAND:KHUNTI
5942,36,Vijay Kumar Hansdak,0,RAJMAHAL,10th Pass,JMM,JHARKHAND,Yes,2019,2743560,12919555,JHARKHAND:RAJMAHAL
5950,55,Jayant Sinha,0,HAZARIBAGH,Post Graduate,BJP,JHARKHAND,Yes,2019,193271437,770749002,JHARKHAND:HAZARIBAGH
5954,47,Nishikant Dubey,4,GODDA,Doctorate,BJP,JHARKHAND,Yes,2019,0,462757500,JHARKHAND:GODDA
5984,39,Sunil Soren,0,DUMKA,12th Pass,BJP,JHARKHAND,Yes,2019,685516,4737559,JHARKHAND:DUMKA
5990,69,Pashupati Nath Singh,0,DHANBAD,Graduate,BJP,JHARKHAND,Yes,2019,0,27286918,JHARKHAND:DHANBAD
5993,55,Sunil Kumar Singh,0,CHATRA,Post Graduate,BJP,JHARKHAND,Yes,2019,1889051,226209137,JHARKHAND:CHATRA
6044,50,Chandra Prakash Choudhary,2,GIRIDIH,Graduate,AJSU Party,JHARKHAND,Yes,2019,1330000,13456889,JHARKHAND:GIRIDIH
6054,83,Farooq Abdullah,1,SRINAGAR,Graduate Professional,Jammu & Kashmir National Conference,JAMMU,Yes,2019,0,121904435,JAMMU:SRINAGAR
6058,33,Tsering Namgyal,1,LADAKH,Graduate,BJP,JAMMU,Yes,2019,0,981904,JAMMU:LADAKH
6060,62,Dr. Jitendra Singh,0,UDHAMPUR,Post Graduate,BJP,JAMMU,Yes,2019,0,70827203,JAMMU:UDHAMPUR
6087,56,Jugal Kishore,0,JAMMU,10th Pass,BJP,JAMMU,Yes,2019,350040219,56481801,JAMMU:JAMMU
6095,71,Mohammad Akbar Lone,0,BARAMULLA,Graduate Professional,Jammu & Kashmir National Conference,JAMMU,Yes,2019,104935,597434000,JAMMU:BARAMULLA
6099,65,Hasnain Masoodi,0,ANANTNAG,Post Graduate,Jammu & Kashmir National Conference,JAMMU,Yes,2019,0,87620672,JAMMU:ANANTNAG
6138,48,Suresh Kumar Kashyap,0,SHIMLA,Post Graduate,BJP,HIMACHAL PRADESH,Yes,2019,7873806,15705738,HIMACHAL PRADESH:SHIMLA
6140,60,Ram Swaroop Sharma,0,MANDI,10th Pass,BJP,HIMACHAL PRADESH,Yes,2019,783963,15724337,HIMACHAL PRADESH:MANDI
6141,67,Kishan Kapoor,2,KANGRA,12th Pass,BJP,HIMACHAL PRADESH,Yes,2019,3605161,85841247,HIMACHAL PRADESH:KANGRA
6149,45,Anurag Singh Thakur,3,HAMIRPUR,Graduate,BJP,HIMACHAL PRADESH,Yes,2019,1085145,56770463,HIMACHAL PRADESH:HAMIRPUR
6183,56,Bidyut Baran Mahato,3,JAMSHEDPUR,12th Pass,BJP,JHARKHAND,Yes,2019,2961830,27750671,JHARKHAND:JAMSHEDPUR
6193,62,Ramesh Chander Kaushik,0,SONIPAT,Graduate Professional,BJP,HARYANA,Yes,2019,0,235859266,HARYANA:SONIPAT
6205,51,Sunita Duggal,0,SIRSA,Post Graduate,BJP,HARYANA,Yes,2019,2500000,42596349,HARYANA:SIRSA
6220,56,Arvind Kumar Sharma,0,ROHTAK,Post Graduate,BJP,HARYANA,Yes,2019,16778090,41079284,HARYANA:ROHTAK
6273,51,Sanjay Bhatia,0,KARNAL,Graduate,BJP,HARYANA,Yes,2019,500000,2256739,HARYANA:KARNAL
6289,49,Nayab Singh,0,KURUKSHETRA,Graduate Professional,BJP,HARYANA,Yes,2019,5720000,35785621,HARYANA:KURUKSHETRA
6299,64,Dharambir Singh,0,BHIWANI MAHENDRAGARH,Graduate,BJP,HARYANA,Yes,2019,240000,60642205,HARYANA:BHIWANI MAHENDRAGARH
6301,69,Rao Inderjit Singh,0,GURGAON,Graduate Professional,BJP,HARYANA,Yes,2019,31500000,420970754,HARYANA:GURGAON
6304,46,Brijendra Singh,0,HISAR,Post Graduate,BJP,HARYANA,Yes,2019,27225637,146408734,HARYANA:HISAR
6307,67,Rattan Lal Kataria,0,AMBALA,Post Graduate,BJP,HARYANA,Yes,2019,188861,54361499,HARYANA:AMBALA
6308,69,Dr.K.C.Patel,0,VALSAD,Graduate Professional,BJP,GUJARAT,Yes,2019,0,68239480,GUJARAT:VALSAD
6411,62,Krishan Pal,0,FARIDABAD,Graduate Professional,BJP,HARYANA,Yes,2019,105593242,369652786,HARYANA:FARIDABAD
6415,56,Ranjanben Bhatt,0,VADODARA,12th Pass,BJP,GUJARAT,Yes,2019,0,29426428,GUJARAT:VADODARA
6451,57,Rameshbhai Dhaduk,0,PORBANDAR,10th Pass,BJP,GUJARAT,Yes,2019,217944697,357564783,GUJARAT:PORBANDAR
6457,64,Dabhi Bharatsinhji Shankarji,0,PATAN,Graduate,BJP,GUJARAT,Yes,2019,5613860,47373221,GUJARAT:PATAN
6480,50,Mahendrabhai Munjpara,0,SURENDRANAGAR,Post Graduate,BJP,GUJARAT,Yes,2019,14822528,79084513,GUJARAT:SURENDRANAGAR
6485,64,Patil Chandrakant,1,NAVSARI,10th Pass,BJP,GUJARAT,Yes,2019,56846658,446044269,GUJARAT:NAVSARI
6488,59,Ratansinh Rathod,0,PANCHMAHAL,Graduate Professional,BJP,GUJARAT,Yes,2019,1081611,10260663,GUJARAT:PANCHMAHAL
6492,54,Chauhan Devusinh,0,KHEDA,Others,BJP,GUJARAT,Yes,2019,995240,13023202,GUJARAT:KHEDA
6549,67,Rathod Dipsinh Shankarsinh,0,SABARKANTHA,8th Pass,BJP,GUJARAT,Yes,2019,0,23997443,GUJARAT:SABARKANTHA
6557,71,Shardaben Anilbhai Patel,0,MAHESANA,12th Pass,BJP,GUJARAT,Yes,2019,7477793,440308300,GUJARAT:MAHESANA
6581,40,Chavda Vinod Lakhamshi,0,KACHCHH,Post Graduate,BJP,GUJARAT,Yes,2019,12458607,33508455,GUJARAT:KACHCHH
6589,36,Chudasama Rajeshbhai Naranbhai,1,JUNAGADH,12th Pass,BJP,GUJARAT,Yes,2019,1481768,10866041,GUJARAT:JUNAGADH
6592,54,Amit Shah,4,GANDHINAGAR,12th Pass,BJP,GUJARAT,Yes,2019,4769587,403275307,GUJARAT:GANDHINAGAR
6620,58,Jardosh Darshnaben Vikrambhai,0,SURAT,Graduate,BJP,GUJARAT,Yes,2019,0,23872876,GUJARAT:SURAT
6626,47,Rathva Gitaben Vajesingbhai,0,CHHOTA UDAIPUR,12th Pass,BJP,GUJARAT,Yes,2019,0,8634660,GUJARAT:CHHOTA UDAIPUR
6628,52,Jasvantsinh Sumanbhai Bhabhor,0,DAHOD,Graduate Professional,BJP,GUJARAT,Yes,2019,0,27070480,GUJARAT:DAHOD
6630,44,Poonamben Hematbhai Maadam,0,JAMNAGAR,Graduate,BJP,GUJARAT,Yes,2019,98632194,427331034,GUJARAT:JAMNAGAR
6676,61,Mansukhbhai Vasava,0,BHARUCH,Post Graduate,BJP,GUJARAT,Yes,2019,0,6835957,GUJARAT:BHARUCH
6682,55,Dr.Bharatiben Dhirubhai Shiyal,0,BHAVNAGAR,Graduate Professional,BJP,GUJARAT,Yes,2019,3689036,17753161,GUJARAT:BHAVNAGAR
6687,49,Parbhubhai Nagarbhai Vasava	,0,BARDOLI,Others,BJP,GUJARAT,Yes,2019,3676869,28350217,GUJARAT:BARDOLI
6715,67,Kundaria Mohanbhai,0,RAJKOT,8th Pass,BJP,GUJARAT,Yes,2019,16566856,68818120,GUJARAT:RAJKOT
6724,54,Miteshbhai Patel,2,ANAND,Others,BJP,GUJARAT,Yes,2019,7810840,77043053,GUJARAT:ANAND
6727,64,Kachhadiya Naranbhai Bhikhabhai,0,AMRELI,12th Pass,BJP,GUJARAT,Yes,2019,828961,35900763,GUJARAT:AMRELI
6731,69,Dr. Solanki Kiritbhai,0,AHMEDABAD WEST,Post Graduate,BJP,GUJARAT,Yes,2019,0,89474039,GUJARAT:AHMEDABAD WEST
6760,70,Parbatbhai Patel,0,BANASKANTHA,Graduate Professional,BJP,GUJARAT,Yes,2019,4500000,41819177,GUJARAT:BANASKANTHA
6767,58,Patel Hasmukhbhai Somabhai,0,AHMEDABAD EAST,Others,BJP,GUJARAT,Yes,2019,6252577,74699690,GUJARAT:AHMEDABAD EAST
6770,73,Cosme Francisco Caitano Sardinha,0,SOUTH GOA,Graduate Professional,INC,GOA,Yes,2019,0,79402232,GOA:SOUTH GOA
6806,56,Delkar Mohanbhai Sanjibhai,0,DADRA AND NAGAR HAVELI,Graduate,IND,DADRA,Yes,2019,37268162,708885980,DADRA:DADRA AND NAGAR HAVELI
6814,55,Renuka Singh Saruta,0,SURGUJA,12th Pass,BJP,CHHATTISGARH,Yes,2019,3251275,27682493,CHHATTISGARH:SURGUJA
6818,51,Santosh Pandey,0,RAJNANDGAON,Graduate Professional,BJP,CHHATTISGARH,Yes,2019,1519820,24861970,CHHATTISGARH:RAJNANDGAON
6841,66,Shripad Yesso Naik,0,NORTH GOA,Graduate,BJP,GOA,Yes,2019,1491387,65795623,GOA:NORTH GOA
6847,63,Patel Lalubhai Babubhai,0,DAMAN AND DIU,8th Pass,BJP,DAMAN,Yes,2019,9969514,213993750,DAMAN:DAMAN AND DIU
6851,51,Chunni Lal Sahu,0,MAHASAMUND,Graduate,BJP,CHHATTISGARH,Yes,2019,1383014,17591683,CHHATTISGARH:MAHASAMUND
6854,43,Gomati ,0,RAIGARH,12th Pass,BJP,CHHATTISGARH,Yes,2019,0,7043539,CHHATTISGARH:RAIGARH
6878,57,Sunil Kumar Soni,0,RAIPUR,Graduate,BJP,CHHATTISGARH,Yes,2019,2482214,46068126,CHHATTISGARH:RAIPUR
6886,65,Jyotsna Mahant,0,KORBA,Post Graduate,INC,CHHATTISGARH,Yes,2019,0,150639697,CHHATTISGARH:KORBA
6890,61,Mohan Mandavi,0,KANKER,Post Graduate,BJP,CHHATTISGARH,Yes,2019,679000,28675553,CHHATTISGARH:KANKER
6897,52,Guharam Ajgalle,0,JANJGIR CHAMPA,Graduate Professional,BJP,CHHATTISGARH,Yes,2019,0,18400837,CHHATTISGARH:JANJGIR CHAMPA
6940,38,Deepak Kumar Baij,1,BASTAR,Post Graduate,INC,CHHATTISGARH,Yes,2019,1801236,7721293,CHHATTISGARH:BASTAR
6946,66,Kirron Kher,0,CHANDIGARH,Post Graduate,BJP,CHANDIGARH,Yes,2019,6279188,474983574,CHANDIGARH:CHANDIGARH
6982,62,Baidyanath Prasad Mahto,4,VALMIKI NAGAR,10th Pass,JD(U),BIHAR,Yes,2019,2915945,17934888,BIHAR:VALMIKI NAGAR
6990,48,Veena Devi,2,VAISHALI,10th Pass,LJP,BIHAR,Yes,2019,112089220,337284632,BIHAR:VAISHALI
6993,53,Nityanand Rai,3,UJIARPUR,Graduate,BJP,BIHAR,Yes,2019,357561,187007570,BIHAR:UJIARPUR
7034,58,Sunil Kumar,6,SITAMARHI,Graduate,JD(U),BIHAR,Yes,2019,10277790,60717031,BIHAR:SITAMARHI
7042,33,Kavita Singh,4,SIWAN,Post Graduate,JD(U),BIHAR,Yes,2019,412511,19325264,BIHAR:SIWAN
7073,69,Rama Devi,1,SHEOHAR,Graduate Professional,BJP,BIHAR,Yes,2019,0,328364940,BIHAR:SHEOHAR
7087,73,Dileshwar Kamait,2,SUPAUL,Graduate,JD(U),BIHAR,Yes,2019,0,23441606,BIHAR:SUPAUL
7089,58,Rajiv Pratap Rudy,0,SARAN,Post Graduate,BJP,BIHAR,Yes,2019,0,80740349,BIHAR:SARAN
7132,51,Arun Sao,0,BILASPUR,Graduate Professional,BJP,CHHATTISGARH,Yes,2019,50000,13544588,CHHATTISGARH:BILASPUR
7137,59,Vijay Baghel,0,DURG,Graduate,BJP,CHHATTISGARH,Yes,2019,8748686,34429027,CHHATTISGARH:DURG
7139,58,Ramchandra Paswan,5,SAMASTIPUR,10th Pass,LJP,BIHAR,Yes,2019,999057,17375975,BIHAR:SAMASTIPUR
7192,42,Santosh Kumar,1,PURNIA,12th Pass,JD(U),BIHAR,Yes,2019,2500000,41036294,BIHAR:PURNIA
7194,69,Radha Mohan Singh,1,PURVI CHAMPARAN,Graduate,BJP,BIHAR,Yes,2019,1146627,33791375,BIHAR:PURVI CHAMPARAN
7230,50,Ajay Nishad,1,MUZAFFARPUR,Graduate,BJP,BIHAR,Yes,2019,15714320,298867486,BIHAR:MUZAFFARPUR
7234,58,Ram Kripal Yadav,0,PATALIPUTRA,Graduate,BJP,BIHAR,Yes,2019,1717310,29213467,BIHAR:PATALIPUTRA
7235,64,Ravi Shankar Prasad,0,PATNA SAHIB,Post Graduate,BJP,BIHAR,Yes,2019,0,235275591,BIHAR:PATNA SAHIB
7293,65,Rajiv Ranjan Singh,1,MUNGER,Graduate,JD(U),BIHAR,Yes,2019,7534918,88324866,BIHAR:MUNGER
7296,55,Janardan Singh Sigriwal,5,MAHARAJGANJ,Graduate,BJP,BIHAR,Yes,2019,376000,10451986,BIHAR:MAHARAJGANJ
7323,54,Dr. Sanjay Jaiswal,5,PASCHIM CHAMPARAN,Post Graduate,BJP,BIHAR,Yes,2019,67370030,199404885,BIHAR:PASCHIM CHAMPARAN
7326,49,Ashok Kumar Yadav,1,MADHUBANI,Doctorate,BJP,BIHAR,Yes,2019,7892847,46699125,BIHAR:MADHUBANI
7332,60,Kaushlendra Kumar,0,NALANDA,12th Pass,JD(U),BIHAR,Yes,2019,2712389,29251651,BIHAR:NALANDA
7333,36,Chandan Singh,2,NAWADA,Graduate,LJP,BIHAR,Yes,2019,4722200,176720167,BIHAR:NAWADA
7334,67,Dinesh Chandra Yadav,1,MADHEPURA,Graduate Professional,JD(U),BIHAR,Yes,2019,700000,37420953,BIHAR:MADHEPURA
7404,54,Dr. Mohammad Jawed,1,KISHANGANJ,Graduate Professional,INC,BIHAR,Yes,2019,5383958,90973803,BIHAR:KISHANGANJ
7406,52,Choudhary Mahbub Ali Kaisar,1,KHAGARIA,Graduate,LJP,BIHAR,Yes,2019,0,109788313,BIHAR:KHAGARIA
7407,51,Dulal Chandra Goswami,1,KATIHAR,Graduate,JD(U),BIHAR,Yes,2019,3130766,13302734,BIHAR:KATIHAR
7452,63,Ramprit Mandal,1,JHANJHARPUR,10th Pass,JD(U),BIHAR,Yes,2019,1000000,88119686,BIHAR:JHANJHARPUR
7455,66,Pashupati Kumar Paras,1,HAJIPUR,Graduate Professional,LJP,BIHAR,Yes,2019,6744375,62834200,BIHAR:HAJIPUR
7480,55,Vijay Kumar,3,GAYA,12th Pass,JD(U),BIHAR,Yes,2019,3148932,12766141,BIHAR:GAYA
7484,37,Chirag Kumar Paswan,1,JAMUI,Graduate Professional,LJP,BIHAR,Yes,2019,0,18466066,BIHAR:JAMUI
7486,49,Gopaljee Thakur,0,DARBHANGA,Post Graduate,BJP,BIHAR,Yes,2019,1039660,19301808,BIHAR:DARBHANGA
7487,61,Dr. Alok Kumar Suman,0,GOPALGANJ,Post Graduate,JD(U),BIHAR,Yes,2019,3576376,32739903,BIHAR:GOPALGANJ
7496,68,Chandeshwar Prasad,3,JAHANABAD,10th Pass,JD(U),BIHAR,Yes,2019,0,139271693,BIHAR:JAHANABAD
7526,66,Ashwini Kumar Choubey,3,BUXAR,Graduate,BJP,BIHAR,Yes,2019,1350667,40183612,BIHAR:BUXAR
7531,41,Ajay Kumar Mandal,0,BHAGALPUR,8th Pass,JD(U),BIHAR,Yes,2019,5364747,6801126,BIHAR:BHAGALPUR
7556,66,Giriraj Singh,6,BEGUSARAI,Graduate,BJP,BIHAR,Yes,2019,12236000,83024577,BIHAR:BEGUSARAI
7561,66,R. K. Singh,1,ARRAH,Graduate Professional,BJP,BIHAR,Yes,2019,0,79971720,BIHAR:ARRAH
7562,53,Sushil Kumar Singh,3,AURANGABAD,Post Graduate,BJP,BIHAR,Yes,2019,3746607,167895109,BIHAR:AURANGABAD
7569,41,Pallab Lochan Das,0,TEZPUR,Graduate,BJP,ASSAM,Yes,2019,0,14445139,ASSAM:TEZPUR
7581,64,Mahabali Singh,3,KARAKAT,8th Pass,JD(U),BIHAR,Yes,2019,3000000,43442051,BIHAR:KARAKAT
7596,58,Giridhari Yadav,1,BANKA,Post Graduate,JD(U),BIHAR,Yes,2019,405701,19816050,BIHAR:BANKA
7605,52,Pradeep Kumar Singh,3,ARARIA,10th Pass,BJP,BIHAR,Yes,2019,1159200,5010577,BIHAR:ARARIA
7626,48,Rajdeep Roy,0,SILCHAR,Post Graduate,BJP,ASSAM,Yes,2019,6976701,29901767,ASSAM:SILCHAR
7650,50,Naba Kumar Sarania,5,KOKRAJHAR,12th Pass,IND,ASSAM,Yes,2019,175069,13013994,ASSAM:KOKRAJHAR
7675,59,Pradyut Bordoloi,0,NAWGONG,Post Graduate,INC,ASSAM,Yes,2019,4011152,74143272,ASSAM:NAWGONG
7682,53,Pradan Baruah,0,LAKHIMPUR,12th Pass,BJP,ASSAM,Yes,2019,5839285,14307978,ASSAM:LAKHIMPUR
7692,45,Shri Dilip Saikia,0,MANGALDOI,Graduate,BJP,ASSAM,Yes,2019,0,6206286,ASSAM:MANGALDOI
7704,48,Rameswar Teli,0,DIBRUGARH,10th Pass,BJP,ASSAM,Yes,2019,0,4370067,ASSAM:DIBRUGARH
7711,36,Gaurav Gogoi,0,KALIABOR,Post Graduate,INC,ASSAM,Yes,2019,1250000,13727834,ASSAM:KALIABOR
7719,50,Topon Kumar Gogoi,0,JORHAT,Post Graduate,BJP,ASSAM,Yes,2019,455398,12597461,ASSAM:JORHAT
7727,67,Queen Oja,0,GAUHATI,Graduate,BJP,ASSAM,Yes,2019,34034178,630219570,ASSAM:GAUHATI
7744,47,Kiren Rijiju,0,ARUNACHAL WEST,Graduate Professional,BJP,ARUNACHAL PRADESH,Yes,2019,0,15279000,ARUNACHAL PRADESH:ARUNACHAL WEST
7750,46,Kripanath Mallah,0,KARIMGANJ,Graduate,BJP,ASSAM,Yes,2019,0,1871040,ASSAM:KARIMGANJ
7758,63,Badruddin Ajmal,7,DHUBRI,Post Graduate,AIUDF,ASSAM,Yes,2019,10159381,788064044,ASSAM:DHUBRI
7774,44,Abdul Khaleque,0,BARPETA,Post Graduate,INC,ASSAM,Yes,2019,2703693,7398753,ASSAM:BARPETA
7777,49,Horen Sing Bey,2,AUTONOMOUS DISTRICT,Graduate,BJP,ASSAM,Yes,2019,5956209,20693570,ASSAM:AUTONOMOUS DISTRICT
7797,54,Tapir Gao,0,ARUNACHAL EAST,Post Graduate,BJP,ARUNACHAL PRADESH,Yes,2019,0,136628259,ARUNACHAL PRADESH:ARUNACHAL EAST
7802,57,Bellana Chandra Sekhar,4,VIZIANAGARAM,Graduate Professional,YSRCP,ANDHRA PRADESH,Yes,2019,11130148,21035766,ANDHRA PRADESH:VIZIANAGARAM
7816,53,Srinivas Kesineni,0,VIJAYAWADA,10th Pass,TDP,ANDHRA PRADESH,Yes,2019,512332955,808152415,ANDHRA PRADESH:VIJAYAWADA
7823,52,M V V Satyanarayana,1,VISAKHAPATNAM,10th Pass,YSRCP,ANDHRA PRADESH,Yes,2019,160030959,2023905124,ANDHRA PRADESH:VISAKHAPATNAM
7845,32,Rammohannaidu Kinjarapu,1,SRIKAKULAM,Post Graduate,TDP,ANDHRA PRADESH,Yes,2019,12000000,122791042,ANDHRA PRADESH:SRIKAKULAM
7854,36,Margani Bharat Ram,2,RAJAHMUNDRY,Graduate,YSRCP,ANDHRA PRADESH,Yes,2019,17814757,458205360,ANDHRA PRADESH:RAJAHMUNDRY
7865,65,Magunta Sreenivasulu Reddy,0,ONGOLE,Graduate,YSRCP,ANDHRA PRADESH,Yes,2019,91302133,266583686,ANDHRA PRADESH:ONGOLE
7869,36,Lavu Sri Krishna Devarayalu,0,NARASARAOPET,Graduate Professional,YSRCP,ANDHRA PRADESH,Yes,2019,10142413,177710073,ANDHRA PRADESH:NARASARAOPET
7891,70,Adala Prabhakara Reddy,0,NELLORE,12th Pass,YSRCP,ANDHRA PRADESH,Yes,2019,152281255,2211663364,ANDHRA PRADESH:NELLORE
7896,57,Kanumuru Raghu Rama Krishna Raju,3,NARSAPURAM,Post Graduate,YSRCP,ANDHRA PRADESH,Yes,2019,1014467354,3259405378,ANDHRA PRADESH:NARSAPURAM
7918,63,Balli Durgaprasad Rao,0,TIRUPATI,Graduate Professional,YSRCP,ANDHRA PRADESH,Yes,2019,0,17426921,ANDHRA PRADESH:TIRUPATI
